"Original","Masked","Field","RowIndex"
"City of London Police","fLrvQqOIz9do","Reported by","0"
"City of London Police","fLrvQqOIz9do","Falls within","0"
"On or near Finch Lane","cW1AWnntcpSD","Location","0"
"City of London Police","fLrvQqOIz9do","Reported by","1"
"City of London Police","fLrvQqOIz9do","Falls within","1"
"No location","ToR5xtQyHv2n","Location","1"
"City of London Police","fLrvQqOIz9do","Reported by","2"
"City of London Police","fLrvQqOIz9do","Falls within","2"
"No location","ToR5xtQyHv2n","Location","2"
"City of London Police","fLrvQqOIz9do","Reported by","3"
"City of London Police","fLrvQqOIz9do","Falls within","3"
"On or near A1210","ntecXRXjZ2gr","Location","3"
"City of London Police","fLrvQqOIz9do","Reported by","4"
"City of London Police","fLrvQqOIz9do","Falls within","4"
"No location","ToR5xtQyHv2n","Location","4"
"City of London Police","fLrvQqOIz9do","Reported by","5"
"City of London Police","fLrvQqOIz9do","Falls within","5"
"On or near Took's Court","S4FOX/WK4qxx","Location","5"
"City of London Police","fLrvQqOIz9do","Reported by","6"
"City of London Police","fLrvQqOIz9do","Falls within","6"
"On or near Talbot Court","l9RL4ah6siaK","Location","6"
"City of London Police","fLrvQqOIz9do","Reported by","7"
"City of London Police","fLrvQqOIz9do","Falls within","7"
"On or near B521","kyxhfu+NW8XL","Location","7"
"City of London Police","fLrvQqOIz9do","Reported by","8"
"City of London Police","fLrvQqOIz9do","Falls within","8"
"No location","ToR5xtQyHv2n","Location","8"
"City of London Police","fLrvQqOIz9do","Reported by","9"
"City of London Police","fLrvQqOIz9do","Falls within","9"
"On or near Amen Court","xiJytzLUzDN4","Location","9"
"City of London Police","fLrvQqOIz9do","Reported by","10"
"City of London Police","fLrvQqOIz9do","Falls within","10"
"On or near Grand Avenue","xZKundWZ/iHJ","Location","10"
"City of London Police","fLrvQqOIz9do","Reported by","11"
"City of London Police","fLrvQqOIz9do","Falls within","11"
"On or near Cannon Street","xXi1HTC9dEVp","Location","11"
"City of London Police","fLrvQqOIz9do","Reported by","12"
"City of London Police","fLrvQqOIz9do","Falls within","12"
"On or near Cannon Street","xXi1HTC9dEVp","Location","12"
"City of London Police","fLrvQqOIz9do","Reported by","13"
"City of London Police","fLrvQqOIz9do","Falls within","13"
"On or near Angel Lane","ol5E6DulF/gF","Location","13"
"City of London Police","fLrvQqOIz9do","Reported by","14"
"City of London Police","fLrvQqOIz9do","Falls within","14"
"On or near Angel Lane","ol5E6DulF/gF","Location","14"
"City of London Police","fLrvQqOIz9do","Reported by","15"
"City of London Police","fLrvQqOIz9do","Falls within","15"
"No location","ToR5xtQyHv2n","Location","15"
"City of London Police","fLrvQqOIz9do","Reported by","16"
"City of London Police","fLrvQqOIz9do","Falls within","16"
"On or near Cannon Street","xXi1HTC9dEVp","Location","16"
"City of London Police","fLrvQqOIz9do","Reported by","17"
"City of London Police","fLrvQqOIz9do","Falls within","17"
"On or near Bury Street","xqHdxewuYVIj","Location","17"
"City of London Police","fLrvQqOIz9do","Reported by","18"
"City of London Police","fLrvQqOIz9do","Falls within","18"
"On or near Creechurch Lane","Q6Ae0GmEoc0v","Location","18"
"City of London Police","fLrvQqOIz9do","Reported by","19"
"City of London Police","fLrvQqOIz9do","Falls within","19"
"On or near New London Street","kIwi4X783cZ8","Location","19"
"City of London Police","fLrvQqOIz9do","Reported by","20"
"City of London Police","fLrvQqOIz9do","Falls within","20"
"No location","ToR5xtQyHv2n","Location","20"
"City of London Police","fLrvQqOIz9do","Reported by","21"
"City of London Police","fLrvQqOIz9do","Falls within","21"
"On or near Cloth Fair","y2jTDZgNMUj/","Location","21"
"City of London Police","fLrvQqOIz9do","Reported by","22"
"City of London Police","fLrvQqOIz9do","Falls within","22"
"On or near Cobb Street","aa0zK10Edvtn","Location","22"
"City of London Police","fLrvQqOIz9do","Reported by","23"
"City of London Police","fLrvQqOIz9do","Falls within","23"
"On or near Primrose Street","HjQFdtbrLWJJ","Location","23"
"City of London Police","fLrvQqOIz9do","Reported by","24"
"City of London Police","fLrvQqOIz9do","Falls within","24"
"On or near Corbet Court","2eP832Hq9waE","Location","24"
"City of London Police","fLrvQqOIz9do","Reported by","25"
"City of London Police","fLrvQqOIz9do","Falls within","25"
"On or near Creechurch Lane","Q6Ae0GmEoc0v","Location","25"
"City of London Police","fLrvQqOIz9do","Reported by","26"
"City of London Police","fLrvQqOIz9do","Falls within","26"
"On or near Cannon Street","xXi1HTC9dEVp","Location","26"
"City of London Police","fLrvQqOIz9do","Reported by","27"
"City of London Police","fLrvQqOIz9do","Falls within","27"
"On or near Bell Inn Yard","OfbZxRdt/52K","Location","27"
"City of London Police","fLrvQqOIz9do","Reported by","28"
"City of London Police","fLrvQqOIz9do","Falls within","28"
"On or near Kingscote Street","CxC6tFREXULb","Location","28"
"City of London Police","fLrvQqOIz9do","Reported by","29"
"City of London Police","fLrvQqOIz9do","Falls within","29"
"On or near Corbet Court","2eP832Hq9waE","Location","29"
"City of London Police","fLrvQqOIz9do","Reported by","30"
"City of London Police","fLrvQqOIz9do","Falls within","30"
"On or near Pancras Lane","F/D8DV6eOs8r","Location","30"
"City of London Police","fLrvQqOIz9do","Reported by","31"
"City of London Police","fLrvQqOIz9do","Falls within","31"
"On or near Chandos Road","AsG8bbRft8RB","Location","31"
"City of London Police","fLrvQqOIz9do","Reported by","32"
"City of London Police","fLrvQqOIz9do","Falls within","32"
"On or near Queen Street","V/FWZ3wf/u33","Location","32"
"City of London Police","fLrvQqOIz9do","Reported by","33"
"City of London Police","fLrvQqOIz9do","Falls within","33"
"On or near Gracechurch Street","8wnWaGjoIcFf","Location","33"
"City of London Police","fLrvQqOIz9do","Reported by","34"
"City of London Police","fLrvQqOIz9do","Falls within","34"
"On or near Carthusian Street","G+rOE95B/ZLV","Location","34"
"City of London Police","fLrvQqOIz9do","Reported by","35"
"City of London Police","fLrvQqOIz9do","Falls within","35"
"On or near Amen Court","xiJytzLUzDN4","Location","35"
"City of London Police","fLrvQqOIz9do","Reported by","36"
"City of London Police","fLrvQqOIz9do","Falls within","36"
"On or near Amen Court","xiJytzLUzDN4","Location","36"
"City of London Police","fLrvQqOIz9do","Reported by","37"
"City of London Police","fLrvQqOIz9do","Falls within","37"
"On or near Lovat Lane","iIpKwhyoBdec","Location","37"
"City of London Police","fLrvQqOIz9do","Reported by","38"
"City of London Police","fLrvQqOIz9do","Falls within","38"
"On or near Further/Higher Educational Building","l62VXu45RNJ4","Location","38"
"City of London Police","fLrvQqOIz9do","Reported by","39"
"City of London Police","fLrvQqOIz9do","Falls within","39"
"On or near Victoria Avenue","AqEic1Ve0RZS","Location","39"
"City of London Police","fLrvQqOIz9do","Reported by","40"
"City of London Police","fLrvQqOIz9do","Falls within","40"
"On or near Fleet Street","bEFOpF4BRrVI","Location","40"
"City of London Police","fLrvQqOIz9do","Reported by","41"
"City of London Police","fLrvQqOIz9do","Falls within","41"
"On or near Bell Inn Yard","OfbZxRdt/52K","Location","41"
"City of London Police","fLrvQqOIz9do","Reported by","42"
"City of London Police","fLrvQqOIz9do","Falls within","42"
"On or near Bishopsgate","CH41hlAxajZp","Location","42"
"City of London Police","fLrvQqOIz9do","Reported by","43"
"City of London Police","fLrvQqOIz9do","Falls within","43"
"On or near Ferry Terminal","OsH1FFXoarRe","Location","43"
"City of London Police","fLrvQqOIz9do","Reported by","44"
"City of London Police","fLrvQqOIz9do","Falls within","44"
"On or near Ironmonger Lane","hZALazysJVvQ","Location","44"
"City of London Police","fLrvQqOIz9do","Reported by","45"
"City of London Police","fLrvQqOIz9do","Falls within","45"
"No location","ToR5xtQyHv2n","Location","45"
"City of London Police","fLrvQqOIz9do","Reported by","46"
"City of London Police","fLrvQqOIz9do","Falls within","46"
"On or near Gravel Lane","6iwE88Ea6DNO","Location","46"
"City of London Police","fLrvQqOIz9do","Reported by","47"
"City of London Police","fLrvQqOIz9do","Falls within","47"
"On or near Lombard Street","6YZPZPnj3KKK","Location","47"
"City of London Police","fLrvQqOIz9do","Reported by","48"
"City of London Police","fLrvQqOIz9do","Falls within","48"
"On or near Lombard Street","6YZPZPnj3KKK","Location","48"
"City of London Police","fLrvQqOIz9do","Reported by","49"
"City of London Police","fLrvQqOIz9do","Falls within","49"
"On or near Bread Street","E5ZdBDiaeHVB","Location","49"
"City of London Police","fLrvQqOIz9do","Reported by","50"
"City of London Police","fLrvQqOIz9do","Falls within","50"
"On or near Little Somerset Street","eCY6srbyJm8v","Location","50"
"City of London Police","fLrvQqOIz9do","Reported by","51"
"City of London Police","fLrvQqOIz9do","Falls within","51"
"On or near A201","j4PeMUhtWtkm","Location","51"
"City of London Police","fLrvQqOIz9do","Reported by","52"
"City of London Police","fLrvQqOIz9do","Falls within","52"
"On or near Eastcheap","5CMQagL2W7dM","Location","52"
"City of London Police","fLrvQqOIz9do","Reported by","53"
"City of London Police","fLrvQqOIz9do","Falls within","53"
"On or near St Botolph Street","3lbO3t/qlBv2","Location","53"
"City of London Police","fLrvQqOIz9do","Reported by","54"
"City of London Police","fLrvQqOIz9do","Falls within","54"
"On or near London Liverpool Street","wSjScPkT76e5","Location","54"
"City of London Police","fLrvQqOIz9do","Reported by","55"
"City of London Police","fLrvQqOIz9do","Falls within","55"
"On or near Bishopsgate","CH41hlAxajZp","Location","55"
"City of London Police","fLrvQqOIz9do","Reported by","56"
"City of London Police","fLrvQqOIz9do","Falls within","56"
"On or near Houndsditch","ltiGntlRaFCz","Location","56"
"City of London Police","fLrvQqOIz9do","Reported by","57"
"City of London Police","fLrvQqOIz9do","Falls within","57"
"On or near St Clare Street","rxdkikB/nb/t","Location","57"
"City of London Police","fLrvQqOIz9do","Reported by","58"
"City of London Police","fLrvQqOIz9do","Falls within","58"
"On or near Amen Court","xiJytzLUzDN4","Location","58"
"City of London Police","fLrvQqOIz9do","Reported by","59"
"City of London Police","fLrvQqOIz9do","Falls within","59"
"On or near A201","j4PeMUhtWtkm","Location","59"
"City of London Police","fLrvQqOIz9do","Reported by","60"
"City of London Police","fLrvQqOIz9do","Falls within","60"
"On or near A201","j4PeMUhtWtkm","Location","60"
"City of London Police","fLrvQqOIz9do","Reported by","61"
"City of London Police","fLrvQqOIz9do","Falls within","61"
"On or near Hospital","d5pekZN+0uOy","Location","61"
"City of London Police","fLrvQqOIz9do","Reported by","62"
"City of London Police","fLrvQqOIz9do","Falls within","62"
"On or near Minories","vdhu9SSGlJvI","Location","62"
"City of London Police","fLrvQqOIz9do","Reported by","63"
"City of London Police","fLrvQqOIz9do","Falls within","63"
"On or near Corbet Court","2eP832Hq9waE","Location","63"
"City of London Police","fLrvQqOIz9do","Reported by","64"
"City of London Police","fLrvQqOIz9do","Falls within","64"
"On or near Liverpool Street","MlZHXg61uPKd","Location","64"
"City of London Police","fLrvQqOIz9do","Reported by","65"
"City of London Police","fLrvQqOIz9do","Falls within","65"
"No location","ToR5xtQyHv2n","Location","65"
"City of London Police","fLrvQqOIz9do","Reported by","66"
"City of London Police","fLrvQqOIz9do","Falls within","66"
"On or near Parking Area","fYKCWrLNHNL/","Location","66"
"City of London Police","fLrvQqOIz9do","Reported by","67"
"City of London Police","fLrvQqOIz9do","Falls within","67"
"On or near Amen Court","xiJytzLUzDN4","Location","67"
"City of London Police","fLrvQqOIz9do","Reported by","68"
"City of London Police","fLrvQqOIz9do","Falls within","68"
"On or near Creechurch Lane","Q6Ae0GmEoc0v","Location","68"
"City of London Police","fLrvQqOIz9do","Reported by","69"
"City of London Police","fLrvQqOIz9do","Falls within","69"
"On or near Cannon Street","xXi1HTC9dEVp","Location","69"
"City of London Police","fLrvQqOIz9do","Reported by","70"
"City of London Police","fLrvQqOIz9do","Falls within","70"
"On or near Great Tower Street","iB9VbCaLMFie","Location","70"
"City of London Police","fLrvQqOIz9do","Reported by","71"
"City of London Police","fLrvQqOIz9do","Falls within","71"
"On or near Finch Lane","cW1AWnntcpSD","Location","71"
"City of London Police","fLrvQqOIz9do","Reported by","72"
"City of London Police","fLrvQqOIz9do","Falls within","72"
"On or near Shopping Area","fzK/HvsYVthT","Location","72"
"City of London Police","fLrvQqOIz9do","Reported by","73"
"City of London Police","fLrvQqOIz9do","Falls within","73"
"On or near Widegate Street","/y8mYHoAQTLI","Location","73"
"City of London Police","fLrvQqOIz9do","Reported by","74"
"City of London Police","fLrvQqOIz9do","Falls within","74"
"On or near Southampton Buildings","P77DQE5SDy64","Location","74"
"City of London Police","fLrvQqOIz9do","Reported by","75"
"City of London Police","fLrvQqOIz9do","Falls within","75"
"On or near Bishopsgate","CH41hlAxajZp","Location","75"
"City of London Police","fLrvQqOIz9do","Reported by","76"
"City of London Police","fLrvQqOIz9do","Falls within","76"
"On or near Bishopsgate","CH41hlAxajZp","Location","76"
"City of London Police","fLrvQqOIz9do","Reported by","77"
"City of London Police","fLrvQqOIz9do","Falls within","77"
"On or near Finch Lane","cW1AWnntcpSD","Location","77"
"City of London Police","fLrvQqOIz9do","Reported by","78"
"City of London Police","fLrvQqOIz9do","Falls within","78"
"On or near Trig Lane","/v28uKeNjIc+","Location","78"
"City of London Police","fLrvQqOIz9do","Reported by","79"
"City of London Police","fLrvQqOIz9do","Falls within","79"
"On or near Langthorn Court","bqNea5aAunio","Location","79"
"City of London Police","fLrvQqOIz9do","Reported by","80"
"City of London Police","fLrvQqOIz9do","Falls within","80"
"On or near Langthorn Court","bqNea5aAunio","Location","80"
"City of London Police","fLrvQqOIz9do","Reported by","81"
"City of London Police","fLrvQqOIz9do","Falls within","81"
"On or near Circus Place","MoKITRuLqSzo","Location","81"
"City of London Police","fLrvQqOIz9do","Reported by","82"
"City of London Police","fLrvQqOIz9do","Falls within","82"
"On or near St Martin's Le Grand","LJ6Jj+dvGPs7","Location","82"
"City of London Police","fLrvQqOIz9do","Reported by","83"
"City of London Police","fLrvQqOIz9do","Falls within","83"
"On or near Moor Lane","+njjHy9WmmYk","Location","83"
"City of London Police","fLrvQqOIz9do","Reported by","84"
"City of London Police","fLrvQqOIz9do","Falls within","84"
"On or near Gophir Lane","kY268mUJnkJG","Location","84"
"City of London Police","fLrvQqOIz9do","Reported by","85"
"City of London Police","fLrvQqOIz9do","Falls within","85"
"On or near Artillery Lane","rpGBkGFkIk2l","Location","85"
"City of London Police","fLrvQqOIz9do","Reported by","86"
"City of London Police","fLrvQqOIz9do","Falls within","86"
"On or near Holborn","vOBhrXUu0TNA","Location","86"
"City of London Police","fLrvQqOIz9do","Reported by","87"
"City of London Police","fLrvQqOIz9do","Falls within","87"
"On or near Bishopsgate","CH41hlAxajZp","Location","87"
"City of London Police","fLrvQqOIz9do","Reported by","88"
"City of London Police","fLrvQqOIz9do","Falls within","88"
"On or near Bread Street","E5ZdBDiaeHVB","Location","88"
"City of London Police","fLrvQqOIz9do","Reported by","89"
"City of London Police","fLrvQqOIz9do","Falls within","89"
"On or near Corbet Court","2eP832Hq9waE","Location","89"
"City of London Police","fLrvQqOIz9do","Reported by","90"
"City of London Police","fLrvQqOIz9do","Falls within","90"
"No location","ToR5xtQyHv2n","Location","90"
"City of London Police","fLrvQqOIz9do","Reported by","91"
"City of London Police","fLrvQqOIz9do","Falls within","91"
"On or near Crutched Friars","Xx1u9dOHmIgj","Location","91"
"City of London Police","fLrvQqOIz9do","Reported by","92"
"City of London Police","fLrvQqOIz9do","Falls within","92"
"On or near Gracechurch Street","8wnWaGjoIcFf","Location","92"
"City of London Police","fLrvQqOIz9do","Reported by","93"
"City of London Police","fLrvQqOIz9do","Falls within","93"
"On or near Gracechurch Street","8wnWaGjoIcFf","Location","93"
"City of London Police","fLrvQqOIz9do","Reported by","94"
"City of London Police","fLrvQqOIz9do","Falls within","94"
"On or near Lombard Street","6YZPZPnj3KKK","Location","94"
"City of London Police","fLrvQqOIz9do","Reported by","95"
"City of London Police","fLrvQqOIz9do","Falls within","95"
"On or near Finch Lane","cW1AWnntcpSD","Location","95"
"City of London Police","fLrvQqOIz9do","Reported by","96"
"City of London Police","fLrvQqOIz9do","Falls within","96"
"On or near Holborn","vOBhrXUu0TNA","Location","96"
"City of London Police","fLrvQqOIz9do","Reported by","97"
"City of London Police","fLrvQqOIz9do","Falls within","97"
"No location","ToR5xtQyHv2n","Location","97"
"City of London Police","fLrvQqOIz9do","Reported by","98"
"City of London Police","fLrvQqOIz9do","Falls within","98"
"On or near Supermarket","R0V5P6N9Gx/1","Location","98"
"City of London Police","fLrvQqOIz9do","Reported by","99"
"City of London Police","fLrvQqOIz9do","Falls within","99"
"On or near Southampton Buildings","P77DQE5SDy64","Location","99"
"City of London Police","fLrvQqOIz9do","Reported by","100"
"City of London Police","fLrvQqOIz9do","Falls within","100"
"On or near Lovat Lane","iIpKwhyoBdec","Location","100"
"City of London Police","fLrvQqOIz9do","Reported by","101"
"City of London Police","fLrvQqOIz9do","Falls within","101"
"On or near Artillery Lane","rpGBkGFkIk2l","Location","101"
"City of London Police","fLrvQqOIz9do","Reported by","102"
"City of London Police","fLrvQqOIz9do","Falls within","102"
"On or near Old Mitre Court","R6w5Q88jIH74","Location","102"
"City of London Police","fLrvQqOIz9do","Reported by","103"
"City of London Police","fLrvQqOIz9do","Falls within","103"
"On or near Little Somerset Street","eCY6srbyJm8v","Location","103"
"City of London Police","fLrvQqOIz9do","Reported by","104"
"City of London Police","fLrvQqOIz9do","Falls within","104"
"On or near Little Somerset Street","eCY6srbyJm8v","Location","104"
"City of London Police","fLrvQqOIz9do","Reported by","105"
"City of London Police","fLrvQqOIz9do","Falls within","105"
"On or near Little Somerset Street","eCY6srbyJm8v","Location","105"
"City of London Police","fLrvQqOIz9do","Reported by","106"
"City of London Police","fLrvQqOIz9do","Falls within","106"
"On or near Bishopsgate","CH41hlAxajZp","Location","106"
"City of London Police","fLrvQqOIz9do","Reported by","107"
"City of London Police","fLrvQqOIz9do","Falls within","107"
"On or near Bishopsgate","CH41hlAxajZp","Location","107"
"City of London Police","fLrvQqOIz9do","Reported by","108"
"City of London Police","fLrvQqOIz9do","Falls within","108"
"On or near Watling Street","1z7+/Jkq1rk1","Location","108"
"City of London Police","fLrvQqOIz9do","Reported by","109"
"City of London Police","fLrvQqOIz9do","Falls within","109"
"No location","ToR5xtQyHv2n","Location","109"
"City of London Police","fLrvQqOIz9do","Reported by","110"
"City of London Police","fLrvQqOIz9do","Falls within","110"
"On or near Circus Place","MoKITRuLqSzo","Location","110"
"City of London Police","fLrvQqOIz9do","Reported by","111"
"City of London Police","fLrvQqOIz9do","Falls within","111"
"On or near Pancras Lane","F/D8DV6eOs8r","Location","111"
"City of London Police","fLrvQqOIz9do","Reported by","112"
"City of London Police","fLrvQqOIz9do","Falls within","112"
"On or near London Liverpool Street","wSjScPkT76e5","Location","112"
"City of London Police","fLrvQqOIz9do","Reported by","113"
"City of London Police","fLrvQqOIz9do","Falls within","113"
"On or near Victoria Avenue","AqEic1Ve0RZS","Location","113"
"City of London Police","fLrvQqOIz9do","Reported by","114"
"City of London Police","fLrvQqOIz9do","Falls within","114"
"On or near Liverpool Street","MlZHXg61uPKd","Location","114"
"City of London Police","fLrvQqOIz9do","Reported by","115"
"City of London Police","fLrvQqOIz9do","Falls within","115"
"No location","ToR5xtQyHv2n","Location","115"
"City of London Police","fLrvQqOIz9do","Reported by","116"
"City of London Police","fLrvQqOIz9do","Falls within","116"
"On or near Little Somerset Street","eCY6srbyJm8v","Location","116"
"City of London Police","fLrvQqOIz9do","Reported by","117"
"City of London Police","fLrvQqOIz9do","Falls within","117"
"On or near Ludgate Hill","CTwr6MzrHiTB","Location","117"
"City of London Police","fLrvQqOIz9do","Reported by","118"
"City of London Police","fLrvQqOIz9do","Falls within","118"
"On or near Hospital","d5pekZN+0uOy","Location","118"
"City of London Police","fLrvQqOIz9do","Reported by","119"
"City of London Police","fLrvQqOIz9do","Falls within","119"
"On or near Watling Street","1z7+/Jkq1rk1","Location","119"
"City of London Police","fLrvQqOIz9do","Reported by","120"
"City of London Police","fLrvQqOIz9do","Falls within","120"
"On or near Corbet Court","2eP832Hq9waE","Location","120"
"City of London Police","fLrvQqOIz9do","Reported by","121"
"City of London Police","fLrvQqOIz9do","Falls within","121"
"On or near Corbet Court","2eP832Hq9waE","Location","121"
"City of London Police","fLrvQqOIz9do","Reported by","122"
"City of London Police","fLrvQqOIz9do","Falls within","122"
"On or near Talbot Court","l9RL4ah6siaK","Location","122"
"City of London Police","fLrvQqOIz9do","Reported by","123"
"City of London Police","fLrvQqOIz9do","Falls within","123"
"On or near Furnival Street","oTv0YYMhJMAE","Location","123"
"City of London Police","fLrvQqOIz9do","Reported by","124"
"City of London Police","fLrvQqOIz9do","Falls within","124"
"On or near Crutched Friars","Xx1u9dOHmIgj","Location","124"
"City of London Police","fLrvQqOIz9do","Reported by","125"
"City of London Police","fLrvQqOIz9do","Falls within","125"
"On or near Silk Street","uDDIdyXfh6MM","Location","125"
"City of London Police","fLrvQqOIz9do","Reported by","126"
"City of London Police","fLrvQqOIz9do","Falls within","126"
"On or near Park/Open Space","LLl6vvMC7sQJ","Location","126"
"City of London Police","fLrvQqOIz9do","Reported by","127"
"City of London Police","fLrvQqOIz9do","Falls within","127"
"No location","ToR5xtQyHv2n","Location","127"
"City of London Police","fLrvQqOIz9do","Reported by","128"
"City of London Police","fLrvQqOIz9do","Falls within","128"
"On or near Fleet Street","bEFOpF4BRrVI","Location","128"
"City of London Police","fLrvQqOIz9do","Reported by","129"
"City of London Police","fLrvQqOIz9do","Falls within","129"
"On or near Lovat Lane","iIpKwhyoBdec","Location","129"
"City of London Police","fLrvQqOIz9do","Reported by","130"
"City of London Police","fLrvQqOIz9do","Falls within","130"
"On or near India Street","Ko7IzQHFPPRI","Location","130"
"City of London Police","fLrvQqOIz9do","Reported by","131"
"City of London Police","fLrvQqOIz9do","Falls within","131"
"On or near Giltspur Street","phyFp9i5uImP","Location","131"
"City of London Police","fLrvQqOIz9do","Reported by","132"
"City of London Police","fLrvQqOIz9do","Falls within","132"
"On or near Corbet Court","2eP832Hq9waE","Location","132"
"City of London Police","fLrvQqOIz9do","Reported by","133"
"City of London Police","fLrvQqOIz9do","Falls within","133"
"On or near Aldersgate Street","lEhCXrFZtfEr","Location","133"
"City of London Police","fLrvQqOIz9do","Reported by","134"
"City of London Police","fLrvQqOIz9do","Falls within","134"
"On or near Moorgate","jLx3Ie2n+1jk","Location","134"
"City of London Police","fLrvQqOIz9do","Reported by","135"
"City of London Police","fLrvQqOIz9do","Falls within","135"
"On or near Giltspur Street","phyFp9i5uImP","Location","135"
"City of London Police","fLrvQqOIz9do","Reported by","136"
"City of London Police","fLrvQqOIz9do","Falls within","136"
"On or near Theatre/Concert Hall","Tn3IHHKLBPz0","Location","136"
"City of London Police","fLrvQqOIz9do","Reported by","137"
"City of London Police","fLrvQqOIz9do","Falls within","137"
"On or near Bishopsgate","CH41hlAxajZp","Location","137"
"City of London Police","fLrvQqOIz9do","Reported by","138"
"City of London Police","fLrvQqOIz9do","Falls within","138"
"On or near Victoria Avenue","AqEic1Ve0RZS","Location","138"
"City of London Police","fLrvQqOIz9do","Reported by","139"
"City of London Police","fLrvQqOIz9do","Falls within","139"
"On or near Queen Street","V/FWZ3wf/u33","Location","139"
"City of London Police","fLrvQqOIz9do","Reported by","140"
"City of London Police","fLrvQqOIz9do","Falls within","140"
"On or near Bishopsgate","CH41hlAxajZp","Location","140"
"City of London Police","fLrvQqOIz9do","Reported by","141"
"City of London Police","fLrvQqOIz9do","Falls within","141"
"On or near Cannon Street","xXi1HTC9dEVp","Location","141"
"City of London Police","fLrvQqOIz9do","Reported by","142"
"City of London Police","fLrvQqOIz9do","Falls within","142"
"On or near Lombard Street","6YZPZPnj3KKK","Location","142"
"City of London Police","fLrvQqOIz9do","Reported by","143"
"City of London Police","fLrvQqOIz9do","Falls within","143"
"On or near St Botolph Street","3lbO3t/qlBv2","Location","143"
"City of London Police","fLrvQqOIz9do","Reported by","144"
"City of London Police","fLrvQqOIz9do","Falls within","144"
"On or near Harrison Place","xe08h4QhCrS6","Location","144"
"City of London Police","fLrvQqOIz9do","Reported by","145"
"City of London Police","fLrvQqOIz9do","Falls within","145"
"On or near Moor Lane","+njjHy9WmmYk","Location","145"
"City of London Police","fLrvQqOIz9do","Reported by","146"
"City of London Police","fLrvQqOIz9do","Falls within","146"
"On or near Temple Avenue","G8Y+Tl5ySPNl","Location","146"
"City of London Police","fLrvQqOIz9do","Reported by","147"
"City of London Police","fLrvQqOIz9do","Falls within","147"
"On or near Bishopsgate","CH41hlAxajZp","Location","147"
"City of London Police","fLrvQqOIz9do","Reported by","148"
"City of London Police","fLrvQqOIz9do","Falls within","148"
"On or near Moor Lane","+njjHy9WmmYk","Location","148"
"City of London Police","fLrvQqOIz9do","Reported by","149"
"City of London Police","fLrvQqOIz9do","Falls within","149"
"No location","ToR5xtQyHv2n","Location","149"
"City of London Police","fLrvQqOIz9do","Reported by","150"
"City of London Police","fLrvQqOIz9do","Falls within","150"
"On or near Shopping Area","fzK/HvsYVthT","Location","150"
"City of London Police","fLrvQqOIz9do","Reported by","151"
"City of London Police","fLrvQqOIz9do","Falls within","151"
"On or near New Street","AQJUM6v79PO+","Location","151"
"City of London Police","fLrvQqOIz9do","Reported by","152"
"City of London Police","fLrvQqOIz9do","Falls within","152"
"On or near Moorgate","jLx3Ie2n+1jk","Location","152"
"City of London Police","fLrvQqOIz9do","Reported by","153"
"City of London Police","fLrvQqOIz9do","Falls within","153"
"On or near Moorgate","jLx3Ie2n+1jk","Location","153"
"City of London Police","fLrvQqOIz9do","Reported by","154"
"City of London Police","fLrvQqOIz9do","Falls within","154"
"On or near Amen Court","xiJytzLUzDN4","Location","154"
"City of London Police","fLrvQqOIz9do","Reported by","155"
"City of London Police","fLrvQqOIz9do","Falls within","155"
"No location","ToR5xtQyHv2n","Location","155"
"City of London Police","fLrvQqOIz9do","Reported by","156"
"City of London Police","fLrvQqOIz9do","Falls within","156"
"No location","ToR5xtQyHv2n","Location","156"
"City of London Police","fLrvQqOIz9do","Reported by","157"
"City of London Police","fLrvQqOIz9do","Falls within","157"
"On or near Moor Lane","+njjHy9WmmYk","Location","157"
"City of London Police","fLrvQqOIz9do","Reported by","158"
"City of London Police","fLrvQqOIz9do","Falls within","158"
"On or near Milton Court","qTY2VvzIEWD8","Location","158"
"City of London Police","fLrvQqOIz9do","Reported by","159"
"City of London Police","fLrvQqOIz9do","Falls within","159"
"On or near India Street","Ko7IzQHFPPRI","Location","159"
"City of London Police","fLrvQqOIz9do","Reported by","160"
"City of London Police","fLrvQqOIz9do","Falls within","160"
"On or near Eastcheap","5CMQagL2W7dM","Location","160"
"City of London Police","fLrvQqOIz9do","Reported by","161"
"City of London Police","fLrvQqOIz9do","Falls within","161"
"On or near Lombard Street","6YZPZPnj3KKK","Location","161"
"City of London Police","fLrvQqOIz9do","Reported by","162"
"City of London Police","fLrvQqOIz9do","Falls within","162"
"On or near Lombard Street","6YZPZPnj3KKK","Location","162"
"City of London Police","fLrvQqOIz9do","Reported by","163"
"City of London Police","fLrvQqOIz9do","Falls within","163"
"On or near Laurence Pountney Hill","yQ/DPAHzI61o","Location","163"
"City of London Police","fLrvQqOIz9do","Reported by","164"
"City of London Police","fLrvQqOIz9do","Falls within","164"
"On or near New London Street","kIwi4X783cZ8","Location","164"
"City of London Police","fLrvQqOIz9do","Reported by","165"
"City of London Police","fLrvQqOIz9do","Falls within","165"
"On or near Daleview Road","gUvZJOQBFHjv","Location","165"
"City of London Police","fLrvQqOIz9do","Reported by","166"
"City of London Police","fLrvQqOIz9do","Falls within","166"
"On or near Victoria Avenue","AqEic1Ve0RZS","Location","166"
"City of London Police","fLrvQqOIz9do","Reported by","167"
"City of London Police","fLrvQqOIz9do","Falls within","167"
"On or near Victoria Avenue","AqEic1Ve0RZS","Location","167"
"City of London Police","fLrvQqOIz9do","Reported by","168"
"City of London Police","fLrvQqOIz9do","Falls within","168"
"On or near Lovat Lane","iIpKwhyoBdec","Location","168"
"City of London Police","fLrvQqOIz9do","Reported by","169"
"City of London Police","fLrvQqOIz9do","Falls within","169"
"On or near Alice Street","LYOjAzK/0K9e","Location","169"
"City of London Police","fLrvQqOIz9do","Reported by","170"
"City of London Police","fLrvQqOIz9do","Falls within","170"
"On or near Little Britain","tKTxQW6cnYQT","Location","170"
"City of London Police","fLrvQqOIz9do","Reported by","171"
"City of London Police","fLrvQqOIz9do","Falls within","171"
"On or near Little Britain","tKTxQW6cnYQT","Location","171"
"City of London Police","fLrvQqOIz9do","Reported by","172"
"City of London Police","fLrvQqOIz9do","Falls within","172"
"On or near St Clare Street","rxdkikB/nb/t","Location","172"
"City of London Police","fLrvQqOIz9do","Reported by","173"
"City of London Police","fLrvQqOIz9do","Falls within","173"
"On or near Ironmonger Lane","hZALazysJVvQ","Location","173"
"City of London Police","fLrvQqOIz9do","Reported by","174"
"City of London Police","fLrvQqOIz9do","Falls within","174"
"On or near India Street","Ko7IzQHFPPRI","Location","174"
"City of London Police","fLrvQqOIz9do","Reported by","175"
"City of London Police","fLrvQqOIz9do","Falls within","175"
"On or near Moorgate","jLx3Ie2n+1jk","Location","175"
"City of London Police","fLrvQqOIz9do","Reported by","176"
"City of London Police","fLrvQqOIz9do","Falls within","176"
"On or near India Street","Ko7IzQHFPPRI","Location","176"
"City of London Police","fLrvQqOIz9do","Reported by","177"
"City of London Police","fLrvQqOIz9do","Falls within","177"
"On or near India Street","Ko7IzQHFPPRI","Location","177"
"City of London Police","fLrvQqOIz9do","Reported by","178"
"City of London Police","fLrvQqOIz9do","Falls within","178"
"On or near Carlisle Avenue","awEUhKP9QDMb","Location","178"
"City of London Police","fLrvQqOIz9do","Reported by","179"
"City of London Police","fLrvQqOIz9do","Falls within","179"
"On or near Muscovy Street","1LoruBLh+EWY","Location","179"
"City of London Police","fLrvQqOIz9do","Reported by","180"
"City of London Police","fLrvQqOIz9do","Falls within","180"
"On or near Moor Lane","+njjHy9WmmYk","Location","180"
"City of London Police","fLrvQqOIz9do","Reported by","181"
"City of London Police","fLrvQqOIz9do","Falls within","181"
"On or near Middle Temple Lane","uwu8uC1bz41M","Location","181"
"City of London Police","fLrvQqOIz9do","Reported by","182"
"City of London Police","fLrvQqOIz9do","Falls within","182"
"On or near Moor Lane","+njjHy9WmmYk","Location","182"
"City of London Police","fLrvQqOIz9do","Reported by","183"
"City of London Police","fLrvQqOIz9do","Falls within","183"
"On or near Kingscote Street","CxC6tFREXULb","Location","183"
"City of London Police","fLrvQqOIz9do","Reported by","184"
"City of London Police","fLrvQqOIz9do","Falls within","184"
"On or near Kingscote Street","CxC6tFREXULb","Location","184"
"City of London Police","fLrvQqOIz9do","Reported by","185"
"City of London Police","fLrvQqOIz9do","Falls within","185"
"On or near India Street","Ko7IzQHFPPRI","Location","185"
"City of London Police","fLrvQqOIz9do","Reported by","186"
"City of London Police","fLrvQqOIz9do","Falls within","186"
"On or near Giltspur Street","phyFp9i5uImP","Location","186"
"City of London Police","fLrvQqOIz9do","Reported by","187"
"City of London Police","fLrvQqOIz9do","Falls within","187"
"On or near Ironmonger Lane","hZALazysJVvQ","Location","187"
"City of London Police","fLrvQqOIz9do","Reported by","188"
"City of London Police","fLrvQqOIz9do","Falls within","188"
"On or near Giltspur Street","phyFp9i5uImP","Location","188"
"City of London Police","fLrvQqOIz9do","Reported by","189"
"City of London Police","fLrvQqOIz9do","Falls within","189"
"On or near India Street","Ko7IzQHFPPRI","Location","189"
"City of London Police","fLrvQqOIz9do","Reported by","190"
"City of London Police","fLrvQqOIz9do","Falls within","190"
"On or near New London Street","kIwi4X783cZ8","Location","190"
"City of London Police","fLrvQqOIz9do","Reported by","191"
"City of London Police","fLrvQqOIz9do","Falls within","191"
"On or near A201","j4PeMUhtWtkm","Location","191"
"City of London Police","fLrvQqOIz9do","Reported by","192"
"City of London Police","fLrvQqOIz9do","Falls within","192"
"On or near New London Street","kIwi4X783cZ8","Location","192"
"City of London Police","fLrvQqOIz9do","Reported by","193"
"City of London Police","fLrvQqOIz9do","Falls within","193"
"On or near Martin Lane","6og4MamycvXx","Location","193"
"City of London Police","fLrvQqOIz9do","Reported by","194"
"City of London Police","fLrvQqOIz9do","Falls within","194"
"On or near Supermarket","R0V5P6N9Gx/1","Location","194"
"City of London Police","fLrvQqOIz9do","Reported by","195"
"City of London Police","fLrvQqOIz9do","Falls within","195"
"On or near Pancras Lane","F/D8DV6eOs8r","Location","195"
"City of London Police","fLrvQqOIz9do","Reported by","196"
"City of London Police","fLrvQqOIz9do","Falls within","196"
"On or near Further/Higher Educational Building","l62VXu45RNJ4","Location","196"
"City of London Police","fLrvQqOIz9do","Reported by","197"
"City of London Police","fLrvQqOIz9do","Falls within","197"
"On or near Lower Thames Street","pWkSVZaLIeyE","Location","197"
"City of London Police","fLrvQqOIz9do","Reported by","198"
"City of London Police","fLrvQqOIz9do","Falls within","198"
"On or near Fann Street","B4cJzx8oLYwj","Location","198"
"City of London Police","fLrvQqOIz9do","Reported by","199"
"City of London Police","fLrvQqOIz9do","Falls within","199"
"On or near Supermarket","R0V5P6N9Gx/1","Location","199"
"City of London Police","fLrvQqOIz9do","Reported by","200"
"City of London Police","fLrvQqOIz9do","Falls within","200"
"On or near Victoria Avenue","AqEic1Ve0RZS","Location","200"
"City of London Police","fLrvQqOIz9do","Reported by","201"
"City of London Police","fLrvQqOIz9do","Falls within","201"
"On or near Middle Temple Lane","uwu8uC1bz41M","Location","201"
"City of London Police","fLrvQqOIz9do","Reported by","202"
"City of London Police","fLrvQqOIz9do","Falls within","202"
"On or near Shopping Area","fzK/HvsYVthT","Location","202"
"City of London Police","fLrvQqOIz9do","Reported by","203"
"City of London Police","fLrvQqOIz9do","Falls within","203"
"On or near Eastcheap","5CMQagL2W7dM","Location","203"
"City of London Police","fLrvQqOIz9do","Reported by","204"
"City of London Police","fLrvQqOIz9do","Falls within","204"
"On or near Dean's Court","dYbo8NX4Bz6M","Location","204"
"City of London Police","fLrvQqOIz9do","Reported by","205"
"City of London Police","fLrvQqOIz9do","Falls within","205"
"On or near Watling Street","1z7+/Jkq1rk1","Location","205"
"City of London Police","fLrvQqOIz9do","Reported by","206"
"City of London Police","fLrvQqOIz9do","Falls within","206"
"On or near India Street","Ko7IzQHFPPRI","Location","206"
"City of London Police","fLrvQqOIz9do","Reported by","207"
"City of London Police","fLrvQqOIz9do","Falls within","207"
"On or near India Street","Ko7IzQHFPPRI","Location","207"
"City of London Police","fLrvQqOIz9do","Reported by","208"
"City of London Police","fLrvQqOIz9do","Falls within","208"
"On or near Moor Lane","+njjHy9WmmYk","Location","208"
"City of London Police","fLrvQqOIz9do","Reported by","209"
"City of London Police","fLrvQqOIz9do","Falls within","209"
"On or near Ironmonger Lane","hZALazysJVvQ","Location","209"
"City of London Police","fLrvQqOIz9do","Reported by","210"
"City of London Police","fLrvQqOIz9do","Falls within","210"
"On or near Chancery Lane","hF97FJOsX26Q","Location","210"
"City of London Police","fLrvQqOIz9do","Reported by","211"
"City of London Police","fLrvQqOIz9do","Falls within","211"
"On or near Lombard Street","6YZPZPnj3KKK","Location","211"
"City of London Police","fLrvQqOIz9do","Reported by","212"
"City of London Police","fLrvQqOIz9do","Falls within","212"
"On or near Trinity Square","gehNVcWzWOen","Location","212"
"City of London Police","fLrvQqOIz9do","Reported by","213"
"City of London Police","fLrvQqOIz9do","Falls within","213"
"On or near Conference/Exhibition Centre","crNzIDeKqBqO","Location","213"
"City of London Police","fLrvQqOIz9do","Reported by","214"
"City of London Police","fLrvQqOIz9do","Falls within","214"
"On or near Watling Street","1z7+/Jkq1rk1","Location","214"
"City of London Police","fLrvQqOIz9do","Reported by","215"
"City of London Police","fLrvQqOIz9do","Falls within","215"
"No location","ToR5xtQyHv2n","Location","215"
"City of London Police","fLrvQqOIz9do","Reported by","216"
"City of London Police","fLrvQqOIz9do","Falls within","216"
"On or near India Street","Ko7IzQHFPPRI","Location","216"
"City of London Police","fLrvQqOIz9do","Reported by","217"
"City of London Police","fLrvQqOIz9do","Falls within","217"
"On or near Dean's Court","dYbo8NX4Bz6M","Location","217"
"City of London Police","fLrvQqOIz9do","Reported by","218"
"City of London Police","fLrvQqOIz9do","Falls within","218"
"On or near Moor Lane","+njjHy9WmmYk","Location","218"
"City of London Police","fLrvQqOIz9do","Reported by","219"
"City of London Police","fLrvQqOIz9do","Falls within","219"
"On or near Lower Thames Street","pWkSVZaLIeyE","Location","219"
"City of London Police","fLrvQqOIz9do","Reported by","220"
"City of London Police","fLrvQqOIz9do","Falls within","220"
"On or near Victoria Avenue","AqEic1Ve0RZS","Location","220"
"City of London Police","fLrvQqOIz9do","Reported by","221"
"City of London Police","fLrvQqOIz9do","Falls within","221"
"On or near Lovat Lane","iIpKwhyoBdec","Location","221"
"City of London Police","fLrvQqOIz9do","Reported by","222"
"City of London Police","fLrvQqOIz9do","Falls within","222"
"On or near Lovat Lane","iIpKwhyoBdec","Location","222"
"City of London Police","fLrvQqOIz9do","Reported by","223"
"City of London Police","fLrvQqOIz9do","Falls within","223"
"On or near Friday Street","Ko6fYxJRo7IA","Location","223"
"City of London Police","fLrvQqOIz9do","Reported by","224"
"City of London Police","fLrvQqOIz9do","Falls within","224"
"On or near Crutched Friars","Xx1u9dOHmIgj","Location","224"
"City of London Police","fLrvQqOIz9do","Reported by","225"
"City of London Police","fLrvQqOIz9do","Falls within","225"
"On or near Further/Higher Educational Building","l62VXu45RNJ4","Location","225"
"City of London Police","fLrvQqOIz9do","Reported by","226"
"City of London Police","fLrvQqOIz9do","Falls within","226"
"No location","ToR5xtQyHv2n","Location","226"
"City of London Police","fLrvQqOIz9do","Reported by","227"
"City of London Police","fLrvQqOIz9do","Falls within","227"
"On or near London Wall","G9vZvMLqOLrW","Location","227"
"City of London Police","fLrvQqOIz9do","Reported by","228"
"City of London Police","fLrvQqOIz9do","Falls within","228"
"On or near Gophir Lane","kY268mUJnkJG","Location","228"
"City of London Police","fLrvQqOIz9do","Reported by","229"
"City of London Police","fLrvQqOIz9do","Falls within","229"
"On or near Gophir Lane","kY268mUJnkJG","Location","229"
"City of London Police","fLrvQqOIz9do","Reported by","230"
"City of London Police","fLrvQqOIz9do","Falls within","230"
"On or near Gophir Lane","kY268mUJnkJG","Location","230"
"City of London Police","fLrvQqOIz9do","Reported by","231"
"City of London Police","fLrvQqOIz9do","Falls within","231"
"On or near Bell Inn Yard","OfbZxRdt/52K","Location","231"
"City of London Police","fLrvQqOIz9do","Reported by","232"
"City of London Police","fLrvQqOIz9do","Falls within","232"
"On or near Moor Lane","+njjHy9WmmYk","Location","232"
"City of London Police","fLrvQqOIz9do","Reported by","233"
"City of London Police","fLrvQqOIz9do","Falls within","233"
"On or near India Street","Ko7IzQHFPPRI","Location","233"
"City of London Police","fLrvQqOIz9do","Reported by","234"
"City of London Police","fLrvQqOIz9do","Falls within","234"
"On or near Supermarket","R0V5P6N9Gx/1","Location","234"
"City of London Police","fLrvQqOIz9do","Reported by","235"
"City of London Police","fLrvQqOIz9do","Falls within","235"
"On or near Sports/Recreation Area","RB79V4fXrlFh","Location","235"
"City of London Police","fLrvQqOIz9do","Reported by","236"
"City of London Police","fLrvQqOIz9do","Falls within","236"
"On or near Furnival Street","oTv0YYMhJMAE","Location","236"
"City of London Police","fLrvQqOIz9do","Reported by","237"
"City of London Police","fLrvQqOIz9do","Falls within","237"
"No location","ToR5xtQyHv2n","Location","237"
"City of London Police","fLrvQqOIz9do","Reported by","238"
"City of London Police","fLrvQqOIz9do","Falls within","238"
"On or near Amen Corner","05L1EHupv/A9","Location","238"
"City of London Police","fLrvQqOIz9do","Reported by","239"
"City of London Police","fLrvQqOIz9do","Falls within","239"
"On or near Shopping Area","fzK/HvsYVthT","Location","239"
"City of London Police","fLrvQqOIz9do","Reported by","240"
"City of London Police","fLrvQqOIz9do","Falls within","240"
"On or near Brackley Street","i+BirA7zgwLv","Location","240"
"City of London Police","fLrvQqOIz9do","Reported by","241"
"City of London Police","fLrvQqOIz9do","Falls within","241"
"On or near Friday Street","Ko6fYxJRo7IA","Location","241"
"City of London Police","fLrvQqOIz9do","Reported by","242"
"City of London Police","fLrvQqOIz9do","Falls within","242"
"On or near Friday Street","Ko6fYxJRo7IA","Location","242"
"City of London Police","fLrvQqOIz9do","Reported by","243"
"City of London Police","fLrvQqOIz9do","Falls within","243"
"On or near New Street","AQJUM6v79PO+","Location","243"
"City of London Police","fLrvQqOIz9do","Reported by","244"
"City of London Police","fLrvQqOIz9do","Falls within","244"
"On or near Pancras Lane","F/D8DV6eOs8r","Location","244"
"City of London Police","fLrvQqOIz9do","Reported by","245"
"City of London Police","fLrvQqOIz9do","Falls within","245"
"On or near Parking Area","fYKCWrLNHNL/","Location","245"
"City of London Police","fLrvQqOIz9do","Reported by","246"
"City of London Police","fLrvQqOIz9do","Falls within","246"
"On or near Corbet Court","2eP832Hq9waE","Location","246"
"City of London Police","fLrvQqOIz9do","Reported by","247"
"City of London Police","fLrvQqOIz9do","Falls within","247"
"On or near Liverpool Street","MlZHXg61uPKd","Location","247"
"City of London Police","fLrvQqOIz9do","Reported by","248"
"City of London Police","fLrvQqOIz9do","Falls within","248"
"On or near Police Station","p4DsdPMvBuWJ","Location","248"
"City of London Police","fLrvQqOIz9do","Reported by","249"
"City of London Police","fLrvQqOIz9do","Falls within","249"
"No location","ToR5xtQyHv2n","Location","249"
"City of London Police","fLrvQqOIz9do","Reported by","250"
"City of London Police","fLrvQqOIz9do","Falls within","250"
"On or near Ironmonger Lane","hZALazysJVvQ","Location","250"
"City of London Police","fLrvQqOIz9do","Reported by","251"
"City of London Police","fLrvQqOIz9do","Falls within","251"
"On or near Little Somerset Street","eCY6srbyJm8v","Location","251"
"City of London Police","fLrvQqOIz9do","Reported by","252"
"City of London Police","fLrvQqOIz9do","Falls within","252"
"On or near Gophir Lane","kY268mUJnkJG","Location","252"
"City of London Police","fLrvQqOIz9do","Reported by","253"
"City of London Police","fLrvQqOIz9do","Falls within","253"
"On or near Shopping Area","fzK/HvsYVthT","Location","253"
"City of London Police","fLrvQqOIz9do","Reported by","254"
"City of London Police","fLrvQqOIz9do","Falls within","254"
"On or near Angel Lane","ol5E6DulF/gF","Location","254"
"City of London Police","fLrvQqOIz9do","Reported by","255"
"City of London Police","fLrvQqOIz9do","Falls within","255"
"On or near India Street","Ko7IzQHFPPRI","Location","255"
"City of London Police","fLrvQqOIz9do","Reported by","256"
"City of London Police","fLrvQqOIz9do","Falls within","256"
"On or near Pancras Lane","F/D8DV6eOs8r","Location","256"
"City of London Police","fLrvQqOIz9do","Reported by","257"
"City of London Police","fLrvQqOIz9do","Falls within","257"
"On or near Talbot Court","l9RL4ah6siaK","Location","257"
"City of London Police","fLrvQqOIz9do","Reported by","258"
"City of London Police","fLrvQqOIz9do","Falls within","258"
"On or near St Clare Street","rxdkikB/nb/t","Location","258"
"City of London Police","fLrvQqOIz9do","Reported by","259"
"City of London Police","fLrvQqOIz9do","Falls within","259"
"On or near Amen Corner","05L1EHupv/A9","Location","259"
"City of London Police","fLrvQqOIz9do","Reported by","260"
"City of London Police","fLrvQqOIz9do","Falls within","260"
"No location","ToR5xtQyHv2n","Location","260"
"City of London Police","fLrvQqOIz9do","Reported by","261"
"City of London Police","fLrvQqOIz9do","Falls within","261"
"On or near Great Tower Street","iB9VbCaLMFie","Location","261"
"City of London Police","fLrvQqOIz9do","Reported by","262"
"City of London Police","fLrvQqOIz9do","Falls within","262"
"On or near Moorgate","jLx3Ie2n+1jk","Location","262"
"City of London Police","fLrvQqOIz9do","Reported by","263"
"City of London Police","fLrvQqOIz9do","Falls within","263"
"On or near India Street","Ko7IzQHFPPRI","Location","263"
"City of London Police","fLrvQqOIz9do","Reported by","264"
"City of London Police","fLrvQqOIz9do","Falls within","264"
"On or near Bishopsgate","CH41hlAxajZp","Location","264"
"City of London Police","fLrvQqOIz9do","Reported by","265"
"City of London Police","fLrvQqOIz9do","Falls within","265"
"On or near Shopping Area","fzK/HvsYVthT","Location","265"
"City of London Police","fLrvQqOIz9do","Reported by","266"
"City of London Police","fLrvQqOIz9do","Falls within","266"
"On or near Shopping Area","fzK/HvsYVthT","Location","266"
"City of London Police","fLrvQqOIz9do","Reported by","267"
"City of London Police","fLrvQqOIz9do","Falls within","267"
"On or near Victoria Avenue","AqEic1Ve0RZS","Location","267"
"City of London Police","fLrvQqOIz9do","Reported by","268"
"City of London Police","fLrvQqOIz9do","Falls within","268"
"On or near Police Station","p4DsdPMvBuWJ","Location","268"
"City of London Police","fLrvQqOIz9do","Reported by","269"
"City of London Police","fLrvQqOIz9do","Falls within","269"
"On or near India Street","Ko7IzQHFPPRI","Location","269"
"City of London Police","fLrvQqOIz9do","Reported by","270"
"City of London Police","fLrvQqOIz9do","Falls within","270"
"On or near Conference/Exhibition Centre","crNzIDeKqBqO","Location","270"
"City of London Police","fLrvQqOIz9do","Reported by","271"
"City of London Police","fLrvQqOIz9do","Falls within","271"
"On or near Artillery Lane","rpGBkGFkIk2l","Location","271"
"City of London Police","fLrvQqOIz9do","Reported by","272"
"City of London Police","fLrvQqOIz9do","Falls within","272"
"On or near Talbot Court","l9RL4ah6siaK","Location","272"
"City of London Police","fLrvQqOIz9do","Reported by","273"
"City of London Police","fLrvQqOIz9do","Falls within","273"
"No location","ToR5xtQyHv2n","Location","273"
"City of London Police","fLrvQqOIz9do","Reported by","274"
"City of London Police","fLrvQqOIz9do","Falls within","274"
"On or near Pancras Lane","F/D8DV6eOs8r","Location","274"
"City of London Police","fLrvQqOIz9do","Reported by","275"
"City of London Police","fLrvQqOIz9do","Falls within","275"
"On or near Fern Close","rycLD5rKZQ7O","Location","275"
"City of London Police","fLrvQqOIz9do","Reported by","276"
"City of London Police","fLrvQqOIz9do","Falls within","276"
"On or near Bevis Marks","MAh40gPkTxbm","Location","276"
"City of London Police","fLrvQqOIz9do","Reported by","277"
"City of London Police","fLrvQqOIz9do","Falls within","277"
"On or near Cousin Lane","7Wva9uD4pzXq","Location","277"
"City of London Police","fLrvQqOIz9do","Reported by","278"
"City of London Police","fLrvQqOIz9do","Falls within","278"
"No location","ToR5xtQyHv2n","Location","278"
"City of London Police","fLrvQqOIz9do","Reported by","279"
"City of London Police","fLrvQqOIz9do","Falls within","279"
"On or near Circus Place","MoKITRuLqSzo","Location","279"
"City of London Police","fLrvQqOIz9do","Reported by","280"
"City of London Police","fLrvQqOIz9do","Falls within","280"
"On or near Martin Lane","6og4MamycvXx","Location","280"
"City of London Police","fLrvQqOIz9do","Reported by","281"
"City of London Police","fLrvQqOIz9do","Falls within","281"
"On or near Wormwood Street","svK7BnUtYe+Q","Location","281"
"City of London Police","fLrvQqOIz9do","Reported by","282"
"City of London Police","fLrvQqOIz9do","Falls within","282"
"On or near India Street","Ko7IzQHFPPRI","Location","282"
"City of London Police","fLrvQqOIz9do","Reported by","283"
"City of London Police","fLrvQqOIz9do","Falls within","283"
"On or near Caleb Street","4pf9rq5xZh30","Location","283"
"City of London Police","fLrvQqOIz9do","Reported by","284"
"City of London Police","fLrvQqOIz9do","Falls within","284"
"On or near Supermarket","R0V5P6N9Gx/1","Location","284"
"City of London Police","fLrvQqOIz9do","Reported by","285"
"City of London Police","fLrvQqOIz9do","Falls within","285"
"On or near Devonshire Square","/lkxhR4/cVMS","Location","285"
"City of London Police","fLrvQqOIz9do","Reported by","286"
"City of London Police","fLrvQqOIz9do","Falls within","286"
"On or near Bishopsgate","CH41hlAxajZp","Location","286"
"City of London Police","fLrvQqOIz9do","Reported by","287"
"City of London Police","fLrvQqOIz9do","Falls within","287"
"On or near Corbet Court","2eP832Hq9waE","Location","287"
"City of London Police","fLrvQqOIz9do","Reported by","288"
"City of London Police","fLrvQqOIz9do","Falls within","288"
"On or near Supermarket","R0V5P6N9Gx/1","Location","288"
"City of London Police","fLrvQqOIz9do","Reported by","289"
"City of London Police","fLrvQqOIz9do","Falls within","289"
"On or near Corbet Court","2eP832Hq9waE","Location","289"
"City of London Police","fLrvQqOIz9do","Reported by","290"
"City of London Police","fLrvQqOIz9do","Falls within","290"
"On or near Bell Inn Yard","OfbZxRdt/52K","Location","290"
"City of London Police","fLrvQqOIz9do","Reported by","291"
"City of London Police","fLrvQqOIz9do","Falls within","291"
"On or near New Street","AQJUM6v79PO+","Location","291"
"City of London Police","fLrvQqOIz9do","Reported by","292"
"City of London Police","fLrvQqOIz9do","Falls within","292"
"On or near Gracechurch Street","8wnWaGjoIcFf","Location","292"
"City of London Police","fLrvQqOIz9do","Reported by","293"
"City of London Police","fLrvQqOIz9do","Falls within","293"
"On or near London Cannon Street","Xfo3io9t7yaw","Location","293"
"City of London Police","fLrvQqOIz9do","Reported by","294"
"City of London Police","fLrvQqOIz9do","Falls within","294"
"On or near Theatre/Concert Hall","Tn3IHHKLBPz0","Location","294"
"City of London Police","fLrvQqOIz9do","Reported by","295"
"City of London Police","fLrvQqOIz9do","Falls within","295"
"On or near Dean's Court","dYbo8NX4Bz6M","Location","295"
"City of London Police","fLrvQqOIz9do","Reported by","296"
"City of London Police","fLrvQqOIz9do","Falls within","296"
"On or near Dean's Court","dYbo8NX4Bz6M","Location","296"
"City of London Police","fLrvQqOIz9do","Reported by","297"
"City of London Police","fLrvQqOIz9do","Falls within","297"
"On or near Milton Court","qTY2VvzIEWD8","Location","297"
"City of London Police","fLrvQqOIz9do","Reported by","298"
"City of London Police","fLrvQqOIz9do","Falls within","298"
"No location","ToR5xtQyHv2n","Location","298"
"City of London Police","fLrvQqOIz9do","Reported by","299"
"City of London Police","fLrvQqOIz9do","Falls within","299"
"On or near Shopping Area","fzK/HvsYVthT","Location","299"
"City of London Police","fLrvQqOIz9do","Reported by","300"
"City of London Police","fLrvQqOIz9do","Falls within","300"
"On or near Great Tower Street","iB9VbCaLMFie","Location","300"
"City of London Police","fLrvQqOIz9do","Reported by","301"
"City of London Police","fLrvQqOIz9do","Falls within","301"
"On or near Moorgate","jLx3Ie2n+1jk","Location","301"
"City of London Police","fLrvQqOIz9do","Reported by","302"
"City of London Police","fLrvQqOIz9do","Falls within","302"
"On or near Great Tower Street","iB9VbCaLMFie","Location","302"
"City of London Police","fLrvQqOIz9do","Reported by","303"
"City of London Police","fLrvQqOIz9do","Falls within","303"
"On or near Great Tower Street","iB9VbCaLMFie","Location","303"
"City of London Police","fLrvQqOIz9do","Reported by","304"
"City of London Police","fLrvQqOIz9do","Falls within","304"
"On or near Trinity Square","gehNVcWzWOen","Location","304"
"City of London Police","fLrvQqOIz9do","Reported by","305"
"City of London Police","fLrvQqOIz9do","Falls within","305"
"On or near India Street","Ko7IzQHFPPRI","Location","305"
"City of London Police","fLrvQqOIz9do","Reported by","306"
"City of London Police","fLrvQqOIz9do","Falls within","306"
"On or near Moor Lane","+njjHy9WmmYk","Location","306"
"City of London Police","fLrvQqOIz9do","Reported by","307"
"City of London Police","fLrvQqOIz9do","Falls within","307"
"On or near Moorgate","jLx3Ie2n+1jk","Location","307"
"City of London Police","fLrvQqOIz9do","Reported by","308"
"City of London Police","fLrvQqOIz9do","Falls within","308"
"On or near Theatre/Concert Hall","Tn3IHHKLBPz0","Location","308"
"City of London Police","fLrvQqOIz9do","Reported by","309"
"City of London Police","fLrvQqOIz9do","Falls within","309"
"On or near Police Station","p4DsdPMvBuWJ","Location","309"
"City of London Police","fLrvQqOIz9do","Reported by","310"
"City of London Police","fLrvQqOIz9do","Falls within","310"
"On or near Corbet Court","2eP832Hq9waE","Location","310"
"City of London Police","fLrvQqOIz9do","Reported by","311"
"City of London Police","fLrvQqOIz9do","Falls within","311"
"On or near Watling Street","1z7+/Jkq1rk1","Location","311"
"City of London Police","fLrvQqOIz9do","Reported by","312"
"City of London Police","fLrvQqOIz9do","Falls within","312"
"On or near Bell Wharf Lane","rWrQgl20+d7X","Location","312"
"City of London Police","fLrvQqOIz9do","Reported by","313"
"City of London Police","fLrvQqOIz9do","Falls within","313"
"On or near Muscovy Street","1LoruBLh+EWY","Location","313"
"City of London Police","fLrvQqOIz9do","Reported by","314"
"City of London Police","fLrvQqOIz9do","Falls within","314"
"On or near Finch Lane","cW1AWnntcpSD","Location","314"
"City of London Police","fLrvQqOIz9do","Reported by","315"
"City of London Police","fLrvQqOIz9do","Falls within","315"
"On or near Gracechurch Street","8wnWaGjoIcFf","Location","315"
"City of London Police","fLrvQqOIz9do","Reported by","316"
"City of London Police","fLrvQqOIz9do","Falls within","316"
"On or near Amen Court","xiJytzLUzDN4","Location","316"
"City of London Police","fLrvQqOIz9do","Reported by","317"
"City of London Police","fLrvQqOIz9do","Falls within","317"
"On or near Cloth Fair","y2jTDZgNMUj/","Location","317"
"City of London Police","fLrvQqOIz9do","Reported by","318"
"City of London Police","fLrvQqOIz9do","Falls within","318"
"On or near Gophir Lane","kY268mUJnkJG","Location","318"
"City of London Police","fLrvQqOIz9do","Reported by","319"
"City of London Police","fLrvQqOIz9do","Falls within","319"
"On or near Supermarket","R0V5P6N9Gx/1","Location","319"
"City of London Police","fLrvQqOIz9do","Reported by","320"
"City of London Police","fLrvQqOIz9do","Falls within","320"
"On or near Southampton Buildings","P77DQE5SDy64","Location","320"
"City of London Police","fLrvQqOIz9do","Reported by","321"
"City of London Police","fLrvQqOIz9do","Falls within","321"
"On or near Sandy's Row","+7gsdhu22odj","Location","321"
"City of London Police","fLrvQqOIz9do","Reported by","322"
"City of London Police","fLrvQqOIz9do","Falls within","322"
"On or near Mitre Street","f8HqdKkLjSPw","Location","322"
"City of London Police","fLrvQqOIz9do","Reported by","323"
"City of London Police","fLrvQqOIz9do","Falls within","323"
"On or near India Street","Ko7IzQHFPPRI","Location","323"
"City of London Police","fLrvQqOIz9do","Reported by","324"
"City of London Police","fLrvQqOIz9do","Falls within","324"
"On or near Wormwood Street","svK7BnUtYe+Q","Location","324"
"City of London Police","fLrvQqOIz9do","Reported by","325"
"City of London Police","fLrvQqOIz9do","Falls within","325"
"On or near Supermarket","R0V5P6N9Gx/1","Location","325"
"City of London Police","fLrvQqOIz9do","Reported by","326"
"City of London Police","fLrvQqOIz9do","Falls within","326"
"On or near Corbet Court","2eP832Hq9waE","Location","326"
"City of London Police","fLrvQqOIz9do","Reported by","327"
"City of London Police","fLrvQqOIz9do","Falls within","327"
"On or near Shopping Area","fzK/HvsYVthT","Location","327"
"City of London Police","fLrvQqOIz9do","Reported by","328"
"City of London Police","fLrvQqOIz9do","Falls within","328"
"On or near Great Tower Street","iB9VbCaLMFie","Location","328"
"City of London Police","fLrvQqOIz9do","Reported by","329"
"City of London Police","fLrvQqOIz9do","Falls within","329"
"On or near Shopping Area","fzK/HvsYVthT","Location","329"
"City of London Police","fLrvQqOIz9do","Reported by","330"
"City of London Police","fLrvQqOIz9do","Falls within","330"
"On or near Muscovy Street","1LoruBLh+EWY","Location","330"
"City of London Police","fLrvQqOIz9do","Reported by","331"
"City of London Police","fLrvQqOIz9do","Falls within","331"
"On or near Southampton Buildings","P77DQE5SDy64","Location","331"
"City of London Police","fLrvQqOIz9do","Reported by","332"
"City of London Police","fLrvQqOIz9do","Falls within","332"
"On or near Talbot Court","l9RL4ah6siaK","Location","332"
"City of London Police","fLrvQqOIz9do","Reported by","333"
"City of London Police","fLrvQqOIz9do","Falls within","333"
"On or near Lower Thames Street","pWkSVZaLIeyE","Location","333"
"City of London Police","fLrvQqOIz9do","Reported by","334"
"City of London Police","fLrvQqOIz9do","Falls within","334"
"On or near Corbet Court","2eP832Hq9waE","Location","334"
"City of London Police","fLrvQqOIz9do","Reported by","335"
"City of London Police","fLrvQqOIz9do","Falls within","335"
"On or near Shopping Area","fzK/HvsYVthT","Location","335"
"City of London Police","fLrvQqOIz9do","Reported by","336"
"City of London Police","fLrvQqOIz9do","Falls within","336"
"On or near Corbet Court","2eP832Hq9waE","Location","336"
"City of London Police","fLrvQqOIz9do","Reported by","337"
"City of London Police","fLrvQqOIz9do","Falls within","337"
"On or near Corbet Court","2eP832Hq9waE","Location","337"
"City of London Police","fLrvQqOIz9do","Reported by","338"
"City of London Police","fLrvQqOIz9do","Falls within","338"
"On or near Corbet Court","2eP832Hq9waE","Location","338"
"City of London Police","fLrvQqOIz9do","Reported by","339"
"City of London Police","fLrvQqOIz9do","Falls within","339"
"No location","ToR5xtQyHv2n","Location","339"
"City of London Police","fLrvQqOIz9do","Reported by","340"
"City of London Police","fLrvQqOIz9do","Falls within","340"
"On or near Ludgate Square","Y5QdLNnaa5Un","Location","340"
"City of London Police","fLrvQqOIz9do","Reported by","341"
"City of London Police","fLrvQqOIz9do","Falls within","341"
"On or near Monument Street","fWbrtW3aw24J","Location","341"
"City of London Police","fLrvQqOIz9do","Reported by","342"
"City of London Police","fLrvQqOIz9do","Falls within","342"
"On or near Braham Street","qOwn9vkGI0or","Location","342"
"City of London Police","fLrvQqOIz9do","Reported by","343"
"City of London Police","fLrvQqOIz9do","Falls within","343"
"On or near Liverpool Street","MlZHXg61uPKd","Location","343"
"City of London Police","fLrvQqOIz9do","Reported by","344"
"City of London Police","fLrvQqOIz9do","Falls within","344"
"On or near Moor Lane","+njjHy9WmmYk","Location","344"
"City of London Police","fLrvQqOIz9do","Reported by","345"
"City of London Police","fLrvQqOIz9do","Falls within","345"
"On or near Theatre/Concert Hall","Tn3IHHKLBPz0","Location","345"
"City of London Police","fLrvQqOIz9do","Reported by","346"
"City of London Police","fLrvQqOIz9do","Falls within","346"
"On or near Supermarket","R0V5P6N9Gx/1","Location","346"
"City of London Police","fLrvQqOIz9do","Reported by","347"
"City of London Police","fLrvQqOIz9do","Falls within","347"
"On or near Liverpool Street","MlZHXg61uPKd","Location","347"
"City of London Police","fLrvQqOIz9do","Reported by","348"
"City of London Police","fLrvQqOIz9do","Falls within","348"
"On or near New Street","AQJUM6v79PO+","Location","348"
"City of London Police","fLrvQqOIz9do","Reported by","349"
"City of London Police","fLrvQqOIz9do","Falls within","349"
"On or near Supermarket","R0V5P6N9Gx/1","Location","349"
"City of London Police","fLrvQqOIz9do","Reported by","350"
"City of London Police","fLrvQqOIz9do","Falls within","350"
"On or near Supermarket","R0V5P6N9Gx/1","Location","350"
"City of London Police","fLrvQqOIz9do","Reported by","351"
"City of London Police","fLrvQqOIz9do","Falls within","351"
"On or near Supermarket","R0V5P6N9Gx/1","Location","351"
"City of London Police","fLrvQqOIz9do","Reported by","352"
"City of London Police","fLrvQqOIz9do","Falls within","352"
"On or near Supermarket","R0V5P6N9Gx/1","Location","352"
"City of London Police","fLrvQqOIz9do","Reported by","353"
"City of London Police","fLrvQqOIz9do","Falls within","353"
"On or near Creechurch Lane","Q6Ae0GmEoc0v","Location","353"
"City of London Police","fLrvQqOIz9do","Reported by","354"
"City of London Police","fLrvQqOIz9do","Falls within","354"
"On or near Bishopsgate","CH41hlAxajZp","Location","354"
"City of London Police","fLrvQqOIz9do","Reported by","355"
"City of London Police","fLrvQqOIz9do","Falls within","355"
"On or near Cannon Street","xXi1HTC9dEVp","Location","355"
"City of London Police","fLrvQqOIz9do","Reported by","356"
"City of London Police","fLrvQqOIz9do","Falls within","356"
"No location","ToR5xtQyHv2n","Location","356"
"City of London Police","fLrvQqOIz9do","Reported by","357"
"City of London Police","fLrvQqOIz9do","Falls within","357"
"On or near Conference/Exhibition Centre","crNzIDeKqBqO","Location","357"
"City of London Police","fLrvQqOIz9do","Reported by","358"
"City of London Police","fLrvQqOIz9do","Falls within","358"
"On or near India Street","Ko7IzQHFPPRI","Location","358"
"City of London Police","fLrvQqOIz9do","Reported by","359"
"City of London Police","fLrvQqOIz9do","Falls within","359"
"On or near Shopping Area","fzK/HvsYVthT","Location","359"
"City of London Police","fLrvQqOIz9do","Reported by","360"
"City of London Police","fLrvQqOIz9do","Falls within","360"
"On or near Bell Inn Yard","OfbZxRdt/52K","Location","360"
"City of London Police","fLrvQqOIz9do","Reported by","361"
"City of London Police","fLrvQqOIz9do","Falls within","361"
"On or near Beech Street","37xaCUAgM3If","Location","361"
"City of London Police","fLrvQqOIz9do","Reported by","362"
"City of London Police","fLrvQqOIz9do","Falls within","362"
"On or near Corbet Court","2eP832Hq9waE","Location","362"
"City of London Police","fLrvQqOIz9do","Reported by","363"
"City of London Police","fLrvQqOIz9do","Falls within","363"
"On or near Muscovy Street","1LoruBLh+EWY","Location","363"
"City of London Police","fLrvQqOIz9do","Reported by","364"
"City of London Police","fLrvQqOIz9do","Falls within","364"
"On or near Great Tower Street","iB9VbCaLMFie","Location","364"
"City of London Police","fLrvQqOIz9do","Reported by","365"
"City of London Police","fLrvQqOIz9do","Falls within","365"
"On or near Bishopsgate","CH41hlAxajZp","Location","365"
"City of London Police","fLrvQqOIz9do","Reported by","366"
"City of London Police","fLrvQqOIz9do","Falls within","366"
"On or near Eastcheap","5CMQagL2W7dM","Location","366"
"City of London Police","fLrvQqOIz9do","Reported by","367"
"City of London Police","fLrvQqOIz9do","Falls within","367"
"On or near Devonshire Square","/lkxhR4/cVMS","Location","367"
"City of London Police","fLrvQqOIz9do","Reported by","368"
"City of London Police","fLrvQqOIz9do","Falls within","368"
"On or near Bishopsgate","CH41hlAxajZp","Location","368"
"City of London Police","fLrvQqOIz9do","Reported by","369"
"City of London Police","fLrvQqOIz9do","Falls within","369"
"On or near High Timber Street","tfCk0ngj1kM1","Location","369"
"City of London Police","fLrvQqOIz9do","Reported by","370"
"City of London Police","fLrvQqOIz9do","Falls within","370"
"On or near Supermarket","R0V5P6N9Gx/1","Location","370"
"City of London Police","fLrvQqOIz9do","Reported by","371"
"City of London Police","fLrvQqOIz9do","Falls within","371"
"On or near Moor Lane","+njjHy9WmmYk","Location","371"
"City of London Police","fLrvQqOIz9do","Reported by","372"
"City of London Police","fLrvQqOIz9do","Falls within","372"
"On or near Lovat Lane","iIpKwhyoBdec","Location","372"
"City of London Police","fLrvQqOIz9do","Reported by","373"
"City of London Police","fLrvQqOIz9do","Falls within","373"
"On or near Talbot Court","l9RL4ah6siaK","Location","373"
"City of London Police","fLrvQqOIz9do","Reported by","374"
"City of London Police","fLrvQqOIz9do","Falls within","374"
"On or near Shopping Area","fzK/HvsYVthT","Location","374"
"City of London Police","fLrvQqOIz9do","Reported by","375"
"City of London Police","fLrvQqOIz9do","Falls within","375"
"On or near Queenhithe","2UyU7G+UVr4z","Location","375"
"City of London Police","fLrvQqOIz9do","Reported by","376"
"City of London Police","fLrvQqOIz9do","Falls within","376"
"On or near City Thameslink","9F4S29H6wR+O","Location","376"
"City of London Police","fLrvQqOIz9do","Reported by","377"
"City of London Police","fLrvQqOIz9do","Falls within","377"
"On or near Police Station","p4DsdPMvBuWJ","Location","377"
"City of London Police","fLrvQqOIz9do","Reported by","378"
"City of London Police","fLrvQqOIz9do","Falls within","378"
"On or near Martin Lane","6og4MamycvXx","Location","378"
"City of London Police","fLrvQqOIz9do","Reported by","379"
"City of London Police","fLrvQqOIz9do","Falls within","379"
"On or near Bell Inn Yard","OfbZxRdt/52K","Location","379"
"City of London Police","fLrvQqOIz9do","Reported by","380"
"City of London Police","fLrvQqOIz9do","Falls within","380"
"On or near Bell Inn Yard","OfbZxRdt/52K","Location","380"
"City of London Police","fLrvQqOIz9do","Reported by","381"
"City of London Police","fLrvQqOIz9do","Falls within","381"
"On or near Holborn","vOBhrXUu0TNA","Location","381"
"City of London Police","fLrvQqOIz9do","Reported by","382"
"City of London Police","fLrvQqOIz9do","Falls within","382"
"On or near Cannon Street","xXi1HTC9dEVp","Location","382"
"City of London Police","fLrvQqOIz9do","Reported by","383"
"City of London Police","fLrvQqOIz9do","Falls within","383"
"On or near B500","VqZSCd1dX+XR","Location","383"
"City of London Police","fLrvQqOIz9do","Reported by","384"
"City of London Police","fLrvQqOIz9do","Falls within","384"
"On or near New Street","AQJUM6v79PO+","Location","384"
"City of London Police","fLrvQqOIz9do","Reported by","385"
"City of London Police","fLrvQqOIz9do","Falls within","385"
"On or near New Street","AQJUM6v79PO+","Location","385"
"City of London Police","fLrvQqOIz9do","Reported by","386"
"City of London Police","fLrvQqOIz9do","Falls within","386"
"On or near Victoria Avenue","AqEic1Ve0RZS","Location","386"
"City of London Police","fLrvQqOIz9do","Reported by","387"
"City of London Police","fLrvQqOIz9do","Falls within","387"
"On or near New Street","AQJUM6v79PO+","Location","387"
"City of London Police","fLrvQqOIz9do","Reported by","388"
"City of London Police","fLrvQqOIz9do","Falls within","388"
"On or near Victoria Avenue","AqEic1Ve0RZS","Location","388"
"City of London Police","fLrvQqOIz9do","Reported by","389"
"City of London Police","fLrvQqOIz9do","Falls within","389"
"On or near Corbet Court","2eP832Hq9waE","Location","389"
"City of London Police","fLrvQqOIz9do","Reported by","390"
"City of London Police","fLrvQqOIz9do","Falls within","390"
"On or near Kingscote Street","CxC6tFREXULb","Location","390"
"City of London Police","fLrvQqOIz9do","Reported by","391"
"City of London Police","fLrvQqOIz9do","Falls within","391"
"On or near Aldersgate Street","lEhCXrFZtfEr","Location","391"
"City of London Police","fLrvQqOIz9do","Reported by","392"
"City of London Police","fLrvQqOIz9do","Falls within","392"
"On or near Shopping Area","fzK/HvsYVthT","Location","392"
"City of London Police","fLrvQqOIz9do","Reported by","393"
"City of London Police","fLrvQqOIz9do","Falls within","393"
"On or near Wormwood Street","svK7BnUtYe+Q","Location","393"
"City of London Police","fLrvQqOIz9do","Reported by","394"
"City of London Police","fLrvQqOIz9do","Falls within","394"
"On or near Crutched Friars","Xx1u9dOHmIgj","Location","394"
"City of London Police","fLrvQqOIz9do","Reported by","395"
"City of London Police","fLrvQqOIz9do","Falls within","395"
"On or near Corbet Court","2eP832Hq9waE","Location","395"
"City of London Police","fLrvQqOIz9do","Reported by","396"
"City of London Police","fLrvQqOIz9do","Falls within","396"
"On or near London Liverpool Street","wSjScPkT76e5","Location","396"
"City of London Police","fLrvQqOIz9do","Reported by","397"
"City of London Police","fLrvQqOIz9do","Falls within","397"
"On or near London Liverpool Street","wSjScPkT76e5","Location","397"
"City of London Police","fLrvQqOIz9do","Reported by","398"
"City of London Police","fLrvQqOIz9do","Falls within","398"
"On or near Shopping Area","fzK/HvsYVthT","Location","398"
"City of London Police","fLrvQqOIz9do","Reported by","399"
"City of London Police","fLrvQqOIz9do","Falls within","399"
"On or near Finch Lane","cW1AWnntcpSD","Location","399"
"City of London Police","fLrvQqOIz9do","Reported by","400"
"City of London Police","fLrvQqOIz9do","Falls within","400"
"On or near Dean's Court","dYbo8NX4Bz6M","Location","400"
"City of London Police","fLrvQqOIz9do","Reported by","401"
"City of London Police","fLrvQqOIz9do","Falls within","401"
"On or near St Helen's Place","v+vL9agsUbSa","Location","401"
"City of London Police","fLrvQqOIz9do","Reported by","402"
"City of London Police","fLrvQqOIz9do","Falls within","402"
"On or near Ironmonger Lane","hZALazysJVvQ","Location","402"
"City of London Police","fLrvQqOIz9do","Reported by","403"
"City of London Police","fLrvQqOIz9do","Falls within","403"
"On or near Milton Court","qTY2VvzIEWD8","Location","403"
"City of London Police","fLrvQqOIz9do","Reported by","404"
"City of London Police","fLrvQqOIz9do","Falls within","404"
"On or near Friday Street","Ko6fYxJRo7IA","Location","404"
"City of London Police","fLrvQqOIz9do","Reported by","405"
"City of London Police","fLrvQqOIz9do","Falls within","405"
"On or near Giltspur Street","phyFp9i5uImP","Location","405"
"City of London Police","fLrvQqOIz9do","Reported by","406"
"City of London Police","fLrvQqOIz9do","Falls within","406"
"On or near Martin Lane","6og4MamycvXx","Location","406"
"City of London Police","fLrvQqOIz9do","Reported by","407"
"City of London Police","fLrvQqOIz9do","Falls within","407"
"On or near Watling Street","1z7+/Jkq1rk1","Location","407"
"City of London Police","fLrvQqOIz9do","Reported by","408"
"City of London Police","fLrvQqOIz9do","Falls within","408"
"On or near Great Tower Street","iB9VbCaLMFie","Location","408"
"City of London Police","fLrvQqOIz9do","Reported by","409"
"City of London Police","fLrvQqOIz9do","Falls within","409"
"On or near Dean's Court","dYbo8NX4Bz6M","Location","409"
"City of London Police","fLrvQqOIz9do","Reported by","410"
"City of London Police","fLrvQqOIz9do","Falls within","410"
"On or near India Street","Ko7IzQHFPPRI","Location","410"
"City of London Police","fLrvQqOIz9do","Reported by","411"
"City of London Police","fLrvQqOIz9do","Falls within","411"
"On or near Park/Open Space","LLl6vvMC7sQJ","Location","411"
"City of London Police","fLrvQqOIz9do","Reported by","412"
"City of London Police","fLrvQqOIz9do","Falls within","412"
"On or near Shopping Area","fzK/HvsYVthT","Location","412"
"City of London Police","fLrvQqOIz9do","Reported by","413"
"City of London Police","fLrvQqOIz9do","Falls within","413"
"On or near India Street","Ko7IzQHFPPRI","Location","413"
"City of London Police","fLrvQqOIz9do","Reported by","414"
"City of London Police","fLrvQqOIz9do","Falls within","414"
"On or near St Alphage Garden","u5ZyMKYx4z+C","Location","414"
"City of London Police","fLrvQqOIz9do","Reported by","415"
"City of London Police","fLrvQqOIz9do","Falls within","415"
"On or near Victoria Avenue","AqEic1Ve0RZS","Location","415"
"City of London Police","fLrvQqOIz9do","Reported by","416"
"City of London Police","fLrvQqOIz9do","Falls within","416"
"On or near Victoria Avenue","AqEic1Ve0RZS","Location","416"
"City of London Police","fLrvQqOIz9do","Reported by","417"
"City of London Police","fLrvQqOIz9do","Falls within","417"
"On or near India Street","Ko7IzQHFPPRI","Location","417"
"City of London Police","fLrvQqOIz9do","Reported by","418"
"City of London Police","fLrvQqOIz9do","Falls within","418"
"On or near Wormwood Street","svK7BnUtYe+Q","Location","418"
"City of London Police","fLrvQqOIz9do","Reported by","419"
"City of London Police","fLrvQqOIz9do","Falls within","419"
"On or near Smithfield Street","NKlYXXdv9c3Q","Location","419"
"City of London Police","fLrvQqOIz9do","Reported by","420"
"City of London Police","fLrvQqOIz9do","Falls within","420"
"On or near Byward Street","mFffIJNCqkF4","Location","420"
"City of London Police","fLrvQqOIz9do","Reported by","421"
"City of London Police","fLrvQqOIz9do","Falls within","421"
"On or near Victoria Avenue","AqEic1Ve0RZS","Location","421"
"City of London Police","fLrvQqOIz9do","Reported by","422"
"City of London Police","fLrvQqOIz9do","Falls within","422"
"On or near Conference/Exhibition Centre","crNzIDeKqBqO","Location","422"
"City of London Police","fLrvQqOIz9do","Reported by","423"
"City of London Police","fLrvQqOIz9do","Falls within","423"
"No location","ToR5xtQyHv2n","Location","423"
"City of London Police","fLrvQqOIz9do","Reported by","424"
"City of London Police","fLrvQqOIz9do","Falls within","424"
"On or near Errol Street","eKUqaLdkUHiu","Location","424"
"City of London Police","fLrvQqOIz9do","Reported by","425"
"City of London Police","fLrvQqOIz9do","Falls within","425"
"On or near Moor Lane","+njjHy9WmmYk","Location","425"
"City of London Police","fLrvQqOIz9do","Reported by","426"
"City of London Police","fLrvQqOIz9do","Falls within","426"
"On or near Gracechurch Street","8wnWaGjoIcFf","Location","426"
"City of London Police","fLrvQqOIz9do","Reported by","427"
"City of London Police","fLrvQqOIz9do","Falls within","427"
"On or near Victoria Avenue","AqEic1Ve0RZS","Location","427"
"City of London Police","fLrvQqOIz9do","Reported by","428"
"City of London Police","fLrvQqOIz9do","Falls within","428"
"On or near London Liverpool Street","wSjScPkT76e5","Location","428"
"City of London Police","fLrvQqOIz9do","Reported by","429"
"City of London Police","fLrvQqOIz9do","Falls within","429"
"On or near Martin Lane","6og4MamycvXx","Location","429"
"City of London Police","fLrvQqOIz9do","Reported by","430"
"City of London Police","fLrvQqOIz9do","Falls within","430"
"On or near Moorgate","jLx3Ie2n+1jk","Location","430"
"City of London Police","fLrvQqOIz9do","Reported by","431"
"City of London Police","fLrvQqOIz9do","Falls within","431"
"On or near Corbet Court","2eP832Hq9waE","Location","431"
"City of London Police","fLrvQqOIz9do","Reported by","432"
"City of London Police","fLrvQqOIz9do","Falls within","432"
"On or near London Liverpool Street","wSjScPkT76e5","Location","432"
"City of London Police","fLrvQqOIz9do","Reported by","433"
"City of London Police","fLrvQqOIz9do","Falls within","433"
"On or near London Liverpool Street","wSjScPkT76e5","Location","433"
"City of London Police","fLrvQqOIz9do","Reported by","434"
"City of London Police","fLrvQqOIz9do","Falls within","434"
"On or near Muscovy Street","1LoruBLh+EWY","Location","434"
"City of London Police","fLrvQqOIz9do","Reported by","435"
"City of London Police","fLrvQqOIz9do","Falls within","435"
"On or near Supermarket","R0V5P6N9Gx/1","Location","435"
"City of London Police","fLrvQqOIz9do","Reported by","436"
"City of London Police","fLrvQqOIz9do","Falls within","436"
"On or near India Street","Ko7IzQHFPPRI","Location","436"
"City of London Police","fLrvQqOIz9do","Reported by","437"
"City of London Police","fLrvQqOIz9do","Falls within","437"
"On or near Wormwood Street","svK7BnUtYe+Q","Location","437"
"City of London Police","fLrvQqOIz9do","Reported by","438"
"City of London Police","fLrvQqOIz9do","Falls within","438"
"On or near New London Street","kIwi4X783cZ8","Location","438"
"City of London Police","fLrvQqOIz9do","Reported by","439"
"City of London Police","fLrvQqOIz9do","Falls within","439"
"On or near St Alphage Garden","u5ZyMKYx4z+C","Location","439"
"City of London Police","fLrvQqOIz9do","Reported by","440"
"City of London Police","fLrvQqOIz9do","Falls within","440"
"On or near Supermarket","R0V5P6N9Gx/1","Location","440"
"City of London Police","fLrvQqOIz9do","Reported by","441"
"City of London Police","fLrvQqOIz9do","Falls within","441"
"On or near St Alphage Garden","u5ZyMKYx4z+C","Location","441"
"City of London Police","fLrvQqOIz9do","Reported by","442"
"City of London Police","fLrvQqOIz9do","Falls within","442"
"On or near Tokenhouse Yard","eTSLRXj7wqqD","Location","442"
"City of London Police","fLrvQqOIz9do","Reported by","443"
"City of London Police","fLrvQqOIz9do","Falls within","443"
"On or near Wormwood Street","svK7BnUtYe+Q","Location","443"
"City of London Police","fLrvQqOIz9do","Reported by","444"
"City of London Police","fLrvQqOIz9do","Falls within","444"
"On or near St Alphage Garden","u5ZyMKYx4z+C","Location","444"
"City of London Police","fLrvQqOIz9do","Reported by","445"
"City of London Police","fLrvQqOIz9do","Falls within","445"
"On or near Brackley Street","i+BirA7zgwLv","Location","445"
"City of London Police","fLrvQqOIz9do","Reported by","446"
"City of London Police","fLrvQqOIz9do","Falls within","446"
"On or near Golden Lane","rEsRb4T2ZPuv","Location","446"
"City of London Police","fLrvQqOIz9do","Reported by","447"
"City of London Police","fLrvQqOIz9do","Falls within","447"
"On or near St Alphage Garden","u5ZyMKYx4z+C","Location","447"
"City of London Police","fLrvQqOIz9do","Reported by","448"
"City of London Police","fLrvQqOIz9do","Falls within","448"
"On or near Tokenhouse Yard","eTSLRXj7wqqD","Location","448"
"City of London Police","fLrvQqOIz9do","Reported by","449"
"City of London Police","fLrvQqOIz9do","Falls within","449"
"On or near St Alphage Garden","u5ZyMKYx4z+C","Location","449"
"City of London Police","fLrvQqOIz9do","Reported by","450"
"City of London Police","fLrvQqOIz9do","Falls within","450"
"No location","ToR5xtQyHv2n","Location","450"
"City of London Police","fLrvQqOIz9do","Reported by","451"
"City of London Police","fLrvQqOIz9do","Falls within","451"
"On or near Fann Street","B4cJzx8oLYwj","Location","451"
"City of London Police","fLrvQqOIz9do","Reported by","452"
"City of London Police","fLrvQqOIz9do","Falls within","452"
"On or near St Alphage Garden","u5ZyMKYx4z+C","Location","452"
"City of London Police","fLrvQqOIz9do","Reported by","453"
"City of London Police","fLrvQqOIz9do","Falls within","453"
"On or near St Alphage Garden","u5ZyMKYx4z+C","Location","453"
"City of London Police","fLrvQqOIz9do","Reported by","454"
"City of London Police","fLrvQqOIz9do","Falls within","454"
"On or near Sports/Recreation Area","RB79V4fXrlFh","Location","454"
"City of London Police","fLrvQqOIz9do","Reported by","455"
"City of London Police","fLrvQqOIz9do","Falls within","455"
"On or near Brackley Street","i+BirA7zgwLv","Location","455"
"City of London Police","fLrvQqOIz9do","Reported by","456"
"City of London Police","fLrvQqOIz9do","Falls within","456"
"On or near India Street","Ko7IzQHFPPRI","Location","456"
"City of London Police","fLrvQqOIz9do","Reported by","457"
"City of London Police","fLrvQqOIz9do","Falls within","457"
"On or near St Botolph Street","3lbO3t/qlBv2","Location","457"
"City of London Police","fLrvQqOIz9do","Reported by","458"
"City of London Police","fLrvQqOIz9do","Falls within","458"
"On or near Amen Corner","05L1EHupv/A9","Location","458"
"City of London Police","fLrvQqOIz9do","Reported by","459"
"City of London Police","fLrvQqOIz9do","Falls within","459"
"On or near Lombard Street","6YZPZPnj3KKK","Location","459"
"City of London Police","fLrvQqOIz9do","Reported by","460"
"City of London Police","fLrvQqOIz9do","Falls within","460"
"On or near Finch Lane","cW1AWnntcpSD","Location","460"
"City of London Police","fLrvQqOIz9do","Reported by","461"
"City of London Police","fLrvQqOIz9do","Falls within","461"
"On or near Cloth Fair","y2jTDZgNMUj/","Location","461"
"City of London Police","fLrvQqOIz9do","Reported by","462"
"City of London Police","fLrvQqOIz9do","Falls within","462"
"On or near Queen Street","V/FWZ3wf/u33","Location","462"
"City of London Police","fLrvQqOIz9do","Reported by","463"
"City of London Police","fLrvQqOIz9do","Falls within","463"
"On or near Finch Lane","cW1AWnntcpSD","Location","463"
"City of London Police","fLrvQqOIz9do","Reported by","464"
"City of London Police","fLrvQqOIz9do","Falls within","464"
"On or near Cannon Street","xXi1HTC9dEVp","Location","464"
"City of London Police","fLrvQqOIz9do","Reported by","465"
"City of London Police","fLrvQqOIz9do","Falls within","465"
"On or near Shopping Area","fzK/HvsYVthT","Location","465"
"City of London Police","fLrvQqOIz9do","Reported by","466"
"City of London Police","fLrvQqOIz9do","Falls within","466"
"On or near Liverpool Street","MlZHXg61uPKd","Location","466"
"City of London Police","fLrvQqOIz9do","Reported by","467"
"City of London Police","fLrvQqOIz9do","Falls within","467"
"On or near Bride Lane","tI89gLY9NBfx","Location","467"
"City of London Police","fLrvQqOIz9do","Reported by","468"
"City of London Police","fLrvQqOIz9do","Falls within","468"
"On or near Pancras Lane","F/D8DV6eOs8r","Location","468"
"City of London Police","fLrvQqOIz9do","Reported by","469"
"City of London Police","fLrvQqOIz9do","Falls within","469"
"On or near Lombard Street","6YZPZPnj3KKK","Location","469"
"City of London Police","fLrvQqOIz9do","Reported by","470"
"City of London Police","fLrvQqOIz9do","Falls within","470"
"On or near Aldermanbury","QIVT7EZlrfrX","Location","470"
"City of London Police","fLrvQqOIz9do","Reported by","471"
"City of London Police","fLrvQqOIz9do","Falls within","471"
"On or near Ironmonger Lane","hZALazysJVvQ","Location","471"
"City of London Police","fLrvQqOIz9do","Reported by","472"
"City of London Police","fLrvQqOIz9do","Falls within","472"
"On or near Bride Lane","tI89gLY9NBfx","Location","472"
"City of London Police","fLrvQqOIz9do","Reported by","473"
"City of London Police","fLrvQqOIz9do","Falls within","473"
"On or near Bride Lane","tI89gLY9NBfx","Location","473"
"City of London Police","fLrvQqOIz9do","Reported by","474"
"City of London Police","fLrvQqOIz9do","Falls within","474"
"On or near Friday Street","Ko6fYxJRo7IA","Location","474"
"City of London Police","fLrvQqOIz9do","Reported by","475"
"City of London Police","fLrvQqOIz9do","Falls within","475"
"On or near Monkwell Square","gw3N4hl9Qf3X","Location","475"
"City of London Police","fLrvQqOIz9do","Reported by","476"
"City of London Police","fLrvQqOIz9do","Falls within","476"
"On or near London Wall","G9vZvMLqOLrW","Location","476"
"City of London Police","fLrvQqOIz9do","Reported by","477"
"City of London Police","fLrvQqOIz9do","Falls within","477"
"On or near Martin Lane","6og4MamycvXx","Location","477"
"City of London Police","fLrvQqOIz9do","Reported by","478"
"City of London Police","fLrvQqOIz9do","Falls within","478"
"On or near Angel Lane","ol5E6DulF/gF","Location","478"
"City of London Police","fLrvQqOIz9do","Reported by","479"
"City of London Police","fLrvQqOIz9do","Falls within","479"
"On or near Amen Corner","05L1EHupv/A9","Location","479"
"City of London Police","fLrvQqOIz9do","Reported by","480"
"City of London Police","fLrvQqOIz9do","Falls within","480"
"On or near Ludgate Hill","CTwr6MzrHiTB","Location","480"
"City of London Police","fLrvQqOIz9do","Reported by","481"
"City of London Police","fLrvQqOIz9do","Falls within","481"
"On or near Laurence Pountney Lane","m+eW8qM1maOK","Location","481"
"City of London Police","fLrvQqOIz9do","Reported by","482"
"City of London Police","fLrvQqOIz9do","Falls within","482"
"On or near Giltspur Street","phyFp9i5uImP","Location","482"
"City of London Police","fLrvQqOIz9do","Reported by","483"
"City of London Police","fLrvQqOIz9do","Falls within","483"
"On or near Primrose Street","HjQFdtbrLWJJ","Location","483"
"City of London Police","fLrvQqOIz9do","Reported by","484"
"City of London Police","fLrvQqOIz9do","Falls within","484"
"On or near Bride Lane","tI89gLY9NBfx","Location","484"
"City of London Police","fLrvQqOIz9do","Reported by","485"
"City of London Police","fLrvQqOIz9do","Falls within","485"
"On or near St Alphage Garden","u5ZyMKYx4z+C","Location","485"
"City of London Police","fLrvQqOIz9do","Reported by","486"
"City of London Police","fLrvQqOIz9do","Falls within","486"
"On or near Gracechurch Street","8wnWaGjoIcFf","Location","486"
"City of London Police","fLrvQqOIz9do","Reported by","487"
"City of London Police","fLrvQqOIz9do","Falls within","487"
"On or near Southampton Buildings","P77DQE5SDy64","Location","487"
"City of London Police","fLrvQqOIz9do","Reported by","488"
"City of London Police","fLrvQqOIz9do","Falls within","488"
"On or near Kingscote Street","CxC6tFREXULb","Location","488"
"City of London Police","fLrvQqOIz9do","Reported by","489"
"City of London Police","fLrvQqOIz9do","Falls within","489"
"On or near Circus Place","MoKITRuLqSzo","Location","489"
"City of London Police","fLrvQqOIz9do","Reported by","490"
"City of London Police","fLrvQqOIz9do","Falls within","490"
"On or near Circus Place","MoKITRuLqSzo","Location","490"
"City of London Police","fLrvQqOIz9do","Reported by","491"
"City of London Police","fLrvQqOIz9do","Falls within","491"
"On or near Bride Lane","tI89gLY9NBfx","Location","491"
"City of London Police","fLrvQqOIz9do","Reported by","492"
"City of London Police","fLrvQqOIz9do","Falls within","492"
"On or near Appold Street","jvYXDSM13lv+","Location","492"
"City of London Police","fLrvQqOIz9do","Reported by","493"
"City of London Police","fLrvQqOIz9do","Falls within","493"
"On or near Primrose Street","HjQFdtbrLWJJ","Location","493"
"City of London Police","fLrvQqOIz9do","Reported by","494"
"City of London Police","fLrvQqOIz9do","Falls within","494"
"On or near Liverpool Street","MlZHXg61uPKd","Location","494"
"City of London Police","fLrvQqOIz9do","Reported by","495"
"City of London Police","fLrvQqOIz9do","Falls within","495"
"No location","ToR5xtQyHv2n","Location","495"
"City of London Police","fLrvQqOIz9do","Reported by","496"
"City of London Police","fLrvQqOIz9do","Falls within","496"
"On or near Circus Place","MoKITRuLqSzo","Location","496"
"City of London Police","fLrvQqOIz9do","Reported by","497"
"City of London Police","fLrvQqOIz9do","Falls within","497"
"On or near Kingscote Street","CxC6tFREXULb","Location","497"
"City of London Police","fLrvQqOIz9do","Reported by","498"
"City of London Police","fLrvQqOIz9do","Falls within","498"
"On or near Earl Street","WApDPY1NMGDs","Location","498"
"City of London Police","fLrvQqOIz9do","Reported by","499"
"City of London Police","fLrvQqOIz9do","Falls within","499"
"On or near Moor Lane","+njjHy9WmmYk","Location","499"
"City of London Police","fLrvQqOIz9do","Reported by","500"
"City of London Police","fLrvQqOIz9do","Falls within","500"
"On or near India Street","Ko7IzQHFPPRI","Location","500"
"City of London Police","fLrvQqOIz9do","Reported by","501"
"City of London Police","fLrvQqOIz9do","Falls within","501"
"On or near Parking Area","fYKCWrLNHNL/","Location","501"
"City of London Police","fLrvQqOIz9do","Reported by","502"
"City of London Police","fLrvQqOIz9do","Falls within","502"
"On or near Shopping Area","fzK/HvsYVthT","Location","502"
"City of London Police","fLrvQqOIz9do","Reported by","503"
"City of London Police","fLrvQqOIz9do","Falls within","503"
"On or near Water Lane","Z7OTW2e1tEq1","Location","503"
"City of London Police","fLrvQqOIz9do","Reported by","504"
"City of London Police","fLrvQqOIz9do","Falls within","504"
"On or near Amen Court","xiJytzLUzDN4","Location","504"
"City of London Police","fLrvQqOIz9do","Reported by","505"
"City of London Police","fLrvQqOIz9do","Falls within","505"
"On or near Tokenhouse Yard","eTSLRXj7wqqD","Location","505"
"City of London Police","fLrvQqOIz9do","Reported by","506"
"City of London Police","fLrvQqOIz9do","Falls within","506"
"On or near Botolph Lane","TRUiP6GS7+aN","Location","506"
"City of London Police","fLrvQqOIz9do","Reported by","507"
"City of London Police","fLrvQqOIz9do","Falls within","507"
"On or near Ironmonger Lane","hZALazysJVvQ","Location","507"
"City of London Police","fLrvQqOIz9do","Reported by","508"
"City of London Police","fLrvQqOIz9do","Falls within","508"
"On or near Circus Place","MoKITRuLqSzo","Location","508"
"City of London Police","fLrvQqOIz9do","Reported by","509"
"City of London Police","fLrvQqOIz9do","Falls within","509"
"On or near Bride Lane","tI89gLY9NBfx","Location","509"
"City of London Police","fLrvQqOIz9do","Reported by","510"
"City of London Police","fLrvQqOIz9do","Falls within","510"
"On or near Lombard Street","6YZPZPnj3KKK","Location","510"
"City of London Police","fLrvQqOIz9do","Reported by","511"
"City of London Police","fLrvQqOIz9do","Falls within","511"
"On or near Byward Street","mFffIJNCqkF4","Location","511"
"City of London Police","fLrvQqOIz9do","Reported by","512"
"City of London Police","fLrvQqOIz9do","Falls within","512"
"On or near Shopping Area","fzK/HvsYVthT","Location","512"
"City of London Police","fLrvQqOIz9do","Reported by","513"
"City of London Police","fLrvQqOIz9do","Falls within","513"
"On or near Byward Street","mFffIJNCqkF4","Location","513"
"City of London Police","fLrvQqOIz9do","Reported by","514"
"City of London Police","fLrvQqOIz9do","Falls within","514"
"On or near Coleman Street","OFUlqwyq+E9X","Location","514"
"City of London Police","fLrvQqOIz9do","Reported by","515"
"City of London Police","fLrvQqOIz9do","Falls within","515"
"On or near India Street","Ko7IzQHFPPRI","Location","515"
"City of London Police","fLrvQqOIz9do","Reported by","516"
"City of London Police","fLrvQqOIz9do","Falls within","516"
"On or near Cock Lane","xBecoXEH8N2d","Location","516"
"City of London Police","fLrvQqOIz9do","Reported by","517"
"City of London Police","fLrvQqOIz9do","Falls within","517"
"On or near Queen Street","V/FWZ3wf/u33","Location","517"
"City of London Police","fLrvQqOIz9do","Reported by","518"
"City of London Police","fLrvQqOIz9do","Falls within","518"
"On or near Corbet Court","2eP832Hq9waE","Location","518"
"City of London Police","fLrvQqOIz9do","Reported by","519"
"City of London Police","fLrvQqOIz9do","Falls within","519"
"On or near Mitre Street","f8HqdKkLjSPw","Location","519"
"City of London Police","fLrvQqOIz9do","Reported by","520"
"City of London Police","fLrvQqOIz9do","Falls within","520"
"On or near Monument Street","fWbrtW3aw24J","Location","520"
"City of London Police","fLrvQqOIz9do","Reported by","521"
"City of London Police","fLrvQqOIz9do","Falls within","521"
"On or near New London Street","kIwi4X783cZ8","Location","521"
"City of London Police","fLrvQqOIz9do","Reported by","522"
"City of London Police","fLrvQqOIz9do","Falls within","522"
"On or near Finch Lane","cW1AWnntcpSD","Location","522"
"City of London Police","fLrvQqOIz9do","Reported by","523"
"City of London Police","fLrvQqOIz9do","Falls within","523"
"On or near Monkwell Square","gw3N4hl9Qf3X","Location","523"
"City of London Police","fLrvQqOIz9do","Reported by","524"
"City of London Police","fLrvQqOIz9do","Falls within","524"
"On or near Cooper's Row","ZMM03OTpuSwa","Location","524"
"City of London Police","fLrvQqOIz9do","Reported by","525"
"City of London Police","fLrvQqOIz9do","Falls within","525"
"On or near Martin Lane","6og4MamycvXx","Location","525"
"City of London Police","fLrvQqOIz9do","Reported by","526"
"City of London Police","fLrvQqOIz9do","Falls within","526"
"On or near Martin Lane","6og4MamycvXx","Location","526"
"City of London Police","fLrvQqOIz9do","Reported by","527"
"City of London Police","fLrvQqOIz9do","Falls within","527"
"On or near Martin Lane","6og4MamycvXx","Location","527"
"City of London Police","fLrvQqOIz9do","Reported by","528"
"City of London Police","fLrvQqOIz9do","Falls within","528"
"On or near Victoria Avenue","AqEic1Ve0RZS","Location","528"
"City of London Police","fLrvQqOIz9do","Reported by","529"
"City of London Police","fLrvQqOIz9do","Falls within","529"
"On or near Milton Court","qTY2VvzIEWD8","Location","529"
"City of London Police","fLrvQqOIz9do","Reported by","530"
"City of London Police","fLrvQqOIz9do","Falls within","530"
"On or near New Change","GFWAN7mR6GR6","Location","530"
"City of London Police","fLrvQqOIz9do","Reported by","531"
"City of London Police","fLrvQqOIz9do","Falls within","531"
"On or near Victoria Avenue","AqEic1Ve0RZS","Location","531"
"City of London Police","fLrvQqOIz9do","Reported by","532"
"City of London Police","fLrvQqOIz9do","Falls within","532"
"On or near Victoria Avenue","AqEic1Ve0RZS","Location","532"
"City of London Police","fLrvQqOIz9do","Reported by","533"
"City of London Police","fLrvQqOIz9do","Falls within","533"
"On or near Gracechurch Street","8wnWaGjoIcFf","Location","533"
"City of London Police","fLrvQqOIz9do","Reported by","534"
"City of London Police","fLrvQqOIz9do","Falls within","534"
"On or near Lombard Street","6YZPZPnj3KKK","Location","534"
"City of London Police","fLrvQqOIz9do","Reported by","535"
"City of London Police","fLrvQqOIz9do","Falls within","535"
"On or near A201","j4PeMUhtWtkm","Location","535"
"City of London Police","fLrvQqOIz9do","Reported by","536"
"City of London Police","fLrvQqOIz9do","Falls within","536"
"On or near Gracechurch Street","8wnWaGjoIcFf","Location","536"
"City of London Police","fLrvQqOIz9do","Reported by","537"
"City of London Police","fLrvQqOIz9do","Falls within","537"
"On or near New Street","AQJUM6v79PO+","Location","537"
"City of London Police","fLrvQqOIz9do","Reported by","538"
"City of London Police","fLrvQqOIz9do","Falls within","538"
"On or near Shopping Area","fzK/HvsYVthT","Location","538"
"City of London Police","fLrvQqOIz9do","Reported by","539"
"City of London Police","fLrvQqOIz9do","Falls within","539"
"On or near Shopping Area","fzK/HvsYVthT","Location","539"
"City of London Police","fLrvQqOIz9do","Reported by","540"
"City of London Police","fLrvQqOIz9do","Falls within","540"
"On or near Corbet Court","2eP832Hq9waE","Location","540"
"City of London Police","fLrvQqOIz9do","Reported by","541"
"City of London Police","fLrvQqOIz9do","Falls within","541"
"On or near India Street","Ko7IzQHFPPRI","Location","541"
"City of London Police","fLrvQqOIz9do","Reported by","542"
"City of London Police","fLrvQqOIz9do","Falls within","542"
"On or near Liverpool Street","MlZHXg61uPKd","Location","542"
"City of London Police","fLrvQqOIz9do","Reported by","543"
"City of London Police","fLrvQqOIz9do","Falls within","543"
"On or near Eastcheap","5CMQagL2W7dM","Location","543"
"City of London Police","fLrvQqOIz9do","Reported by","544"
"City of London Police","fLrvQqOIz9do","Falls within","544"
"On or near Talbot Court","l9RL4ah6siaK","Location","544"
"City of London Police","fLrvQqOIz9do","Reported by","545"
"City of London Police","fLrvQqOIz9do","Falls within","545"
"On or near Dean's Court","dYbo8NX4Bz6M","Location","545"
"City of London Police","fLrvQqOIz9do","Reported by","546"
"City of London Police","fLrvQqOIz9do","Falls within","546"
"On or near Ironmonger Lane","hZALazysJVvQ","Location","546"
"City of London Police","fLrvQqOIz9do","Reported by","547"
"City of London Police","fLrvQqOIz9do","Falls within","547"
"On or near Chancery Lane","hF97FJOsX26Q","Location","547"
"City of London Police","fLrvQqOIz9do","Reported by","548"
"City of London Police","fLrvQqOIz9do","Falls within","548"
"On or near Corbet Court","2eP832Hq9waE","Location","548"
"City of London Police","fLrvQqOIz9do","Reported by","549"
"City of London Police","fLrvQqOIz9do","Falls within","549"
"On or near Talbot Court","l9RL4ah6siaK","Location","549"
"City of London Police","fLrvQqOIz9do","Reported by","550"
"City of London Police","fLrvQqOIz9do","Falls within","550"
"On or near London Liverpool Street","wSjScPkT76e5","Location","550"
"City of London Police","fLrvQqOIz9do","Reported by","551"
"City of London Police","fLrvQqOIz9do","Falls within","551"
"On or near Ludgate Hill","CTwr6MzrHiTB","Location","551"
"City of London Police","fLrvQqOIz9do","Reported by","552"
"City of London Police","fLrvQqOIz9do","Falls within","552"
"On or near Shopping Area","fzK/HvsYVthT","Location","552"
"City of London Police","fLrvQqOIz9do","Reported by","553"
"City of London Police","fLrvQqOIz9do","Falls within","553"
"On or near Eastcheap","5CMQagL2W7dM","Location","553"
"City of London Police","fLrvQqOIz9do","Reported by","554"
"City of London Police","fLrvQqOIz9do","Falls within","554"
"On or near St Mary At Hill","+8lW+RYroZOg","Location","554"
"City of London Police","fLrvQqOIz9do","Reported by","555"
"City of London Police","fLrvQqOIz9do","Falls within","555"
"On or near Aldermanbury","QIVT7EZlrfrX","Location","555"
"City of London Police","fLrvQqOIz9do","Reported by","556"
"City of London Police","fLrvQqOIz9do","Falls within","556"
"On or near Queen Street","V/FWZ3wf/u33","Location","556"
"City of London Police","fLrvQqOIz9do","Reported by","557"
"City of London Police","fLrvQqOIz9do","Falls within","557"
"On or near Gracechurch Street","8wnWaGjoIcFf","Location","557"
"City of London Police","fLrvQqOIz9do","Reported by","558"
"City of London Police","fLrvQqOIz9do","Falls within","558"
"On or near Moor Lane","+njjHy9WmmYk","Location","558"
"City of London Police","fLrvQqOIz9do","Reported by","559"
"City of London Police","fLrvQqOIz9do","Falls within","559"
"On or near Liverpool Street","MlZHXg61uPKd","Location","559"
"City of London Police","fLrvQqOIz9do","Reported by","560"
"City of London Police","fLrvQqOIz9do","Falls within","560"
"On or near Supermarket","R0V5P6N9Gx/1","Location","560"
"City of London Police","fLrvQqOIz9do","Reported by","561"
"City of London Police","fLrvQqOIz9do","Falls within","561"
"On or near Finch Lane","cW1AWnntcpSD","Location","561"
"City of London Police","fLrvQqOIz9do","Reported by","562"
"City of London Police","fLrvQqOIz9do","Falls within","562"
"On or near Bishopsgate","CH41hlAxajZp","Location","562"
"City of London Police","fLrvQqOIz9do","Reported by","563"
"City of London Police","fLrvQqOIz9do","Falls within","563"
"On or near Shopping Area","fzK/HvsYVthT","Location","563"
"City of London Police","fLrvQqOIz9do","Reported by","564"
"City of London Police","fLrvQqOIz9do","Falls within","564"
"On or near Shopping Area","fzK/HvsYVthT","Location","564"
"City of London Police","fLrvQqOIz9do","Reported by","565"
"City of London Police","fLrvQqOIz9do","Falls within","565"
"On or near Shopping Area","fzK/HvsYVthT","Location","565"
"City of London Police","fLrvQqOIz9do","Reported by","566"
"City of London Police","fLrvQqOIz9do","Falls within","566"
"On or near Bishopsgate","CH41hlAxajZp","Location","566"
"City of London Police","fLrvQqOIz9do","Reported by","567"
"City of London Police","fLrvQqOIz9do","Falls within","567"
"On or near Glengall Road","FE5srQTHf4it","Location","567"
"City of London Police","fLrvQqOIz9do","Reported by","568"
"City of London Police","fLrvQqOIz9do","Falls within","568"
"On or near Giltspur Street","phyFp9i5uImP","Location","568"
"City of London Police","fLrvQqOIz9do","Reported by","569"
"City of London Police","fLrvQqOIz9do","Falls within","569"
"On or near Puddle Dock","1jRP0jMC/BgI","Location","569"
"City of London Police","fLrvQqOIz9do","Reported by","570"
"City of London Police","fLrvQqOIz9do","Falls within","570"
"On or near Aldersgate Street","lEhCXrFZtfEr","Location","570"
"City of London Police","fLrvQqOIz9do","Reported by","571"
"City of London Police","fLrvQqOIz9do","Falls within","571"
"On or near New London Street","kIwi4X783cZ8","Location","571"
"City of London Police","fLrvQqOIz9do","Reported by","572"
"City of London Police","fLrvQqOIz9do","Falls within","572"
"On or near Pancras Lane","F/D8DV6eOs8r","Location","572"
"City of London Police","fLrvQqOIz9do","Reported by","573"
"City of London Police","fLrvQqOIz9do","Falls within","573"
"On or near Bride Lane","tI89gLY9NBfx","Location","573"
"City of London Police","fLrvQqOIz9do","Reported by","574"
"City of London Police","fLrvQqOIz9do","Falls within","574"
"On or near Martin Lane","6og4MamycvXx","Location","574"
"City of London Police","fLrvQqOIz9do","Reported by","575"
"City of London Police","fLrvQqOIz9do","Falls within","575"
"On or near Bell Inn Yard","OfbZxRdt/52K","Location","575"
"City of London Police","fLrvQqOIz9do","Reported by","576"
"City of London Police","fLrvQqOIz9do","Falls within","576"
"On or near London Wall","G9vZvMLqOLrW","Location","576"
"City of London Police","fLrvQqOIz9do","Reported by","577"
"City of London Police","fLrvQqOIz9do","Falls within","577"
"On or near Conference/Exhibition Centre","crNzIDeKqBqO","Location","577"
"City of London Police","fLrvQqOIz9do","Reported by","578"
"City of London Police","fLrvQqOIz9do","Falls within","578"
"On or near Giltspur Street","phyFp9i5uImP","Location","578"
"City of London Police","fLrvQqOIz9do","Reported by","579"
"City of London Police","fLrvQqOIz9do","Falls within","579"
"On or near Temple Avenue","G8Y+Tl5ySPNl","Location","579"
"City of London Police","fLrvQqOIz9do","Reported by","580"
"City of London Police","fLrvQqOIz9do","Falls within","580"
"On or near Watling Street","1z7+/Jkq1rk1","Location","580"
"City of London Police","fLrvQqOIz9do","Reported by","581"
"City of London Police","fLrvQqOIz9do","Falls within","581"
"No location","ToR5xtQyHv2n","Location","581"
"City of London Police","fLrvQqOIz9do","Reported by","582"
"City of London Police","fLrvQqOIz9do","Falls within","582"
"On or near Watling Street","1z7+/Jkq1rk1","Location","582"
"City of London Police","fLrvQqOIz9do","Reported by","583"
"City of London Police","fLrvQqOIz9do","Falls within","583"
"On or near Circus Place","MoKITRuLqSzo","Location","583"
"City of London Police","fLrvQqOIz9do","Reported by","584"
"City of London Police","fLrvQqOIz9do","Falls within","584"
"On or near Muscovy Street","1LoruBLh+EWY","Location","584"
"City of London Police","fLrvQqOIz9do","Reported by","585"
"City of London Police","fLrvQqOIz9do","Falls within","585"
"On or near Dean's Court","dYbo8NX4Bz6M","Location","585"
"City of London Police","fLrvQqOIz9do","Reported by","586"
"City of London Police","fLrvQqOIz9do","Falls within","586"
"On or near Carlisle Avenue","awEUhKP9QDMb","Location","586"
"City of London Police","fLrvQqOIz9do","Reported by","587"
"City of London Police","fLrvQqOIz9do","Falls within","587"
"On or near Lower Thames Street","pWkSVZaLIeyE","Location","587"
"City of London Police","fLrvQqOIz9do","Reported by","588"
"City of London Police","fLrvQqOIz9do","Falls within","588"
"On or near Temple Avenue","G8Y+Tl5ySPNl","Location","588"
"City of London Police","fLrvQqOIz9do","Reported by","589"
"City of London Police","fLrvQqOIz9do","Falls within","589"
"On or near Circus Place","MoKITRuLqSzo","Location","589"
"City of London Police","fLrvQqOIz9do","Reported by","590"
"City of London Police","fLrvQqOIz9do","Falls within","590"
"On or near Victoria Avenue","AqEic1Ve0RZS","Location","590"
"City of London Police","fLrvQqOIz9do","Reported by","591"
"City of London Police","fLrvQqOIz9do","Falls within","591"
"On or near St Alphage Garden","u5ZyMKYx4z+C","Location","591"
"City of London Police","fLrvQqOIz9do","Reported by","592"
"City of London Police","fLrvQqOIz9do","Falls within","592"
"On or near Bride Lane","tI89gLY9NBfx","Location","592"
"City of London Police","fLrvQqOIz9do","Reported by","593"
"City of London Police","fLrvQqOIz9do","Falls within","593"
"On or near Bride Lane","tI89gLY9NBfx","Location","593"
"City of London Police","fLrvQqOIz9do","Reported by","594"
"City of London Police","fLrvQqOIz9do","Falls within","594"
"On or near Bride Lane","tI89gLY9NBfx","Location","594"
"City of London Police","fLrvQqOIz9do","Reported by","595"
"City of London Police","fLrvQqOIz9do","Falls within","595"
"On or near Rolls Buildings","REA3GA5hTCVe","Location","595"
"City of London Police","fLrvQqOIz9do","Reported by","596"
"City of London Police","fLrvQqOIz9do","Falls within","596"
"On or near London Cannon Street","Xfo3io9t7yaw","Location","596"
"City of London Police","fLrvQqOIz9do","Reported by","597"
"City of London Police","fLrvQqOIz9do","Falls within","597"
"On or near Shopping Area","fzK/HvsYVthT","Location","597"
"City of London Police","fLrvQqOIz9do","Reported by","598"
"City of London Police","fLrvQqOIz9do","Falls within","598"
"On or near Tokenhouse Yard","eTSLRXj7wqqD","Location","598"
"City of London Police","fLrvQqOIz9do","Reported by","599"
"City of London Police","fLrvQqOIz9do","Falls within","599"
"On or near Lombard Street","6YZPZPnj3KKK","Location","599"
"City of London Police","fLrvQqOIz9do","Reported by","600"
"City of London Police","fLrvQqOIz9do","Falls within","600"
"On or near Ludgate Broadway","t14ezZqi8Qw6","Location","600"
"City of London Police","fLrvQqOIz9do","Reported by","601"
"City of London Police","fLrvQqOIz9do","Falls within","601"
"On or near Eastcheap","5CMQagL2W7dM","Location","601"
"City of London Police","fLrvQqOIz9do","Reported by","602"
"City of London Police","fLrvQqOIz9do","Falls within","602"
"On or near Cannon Street","xXi1HTC9dEVp","Location","602"
"City of London Police","fLrvQqOIz9do","Reported by","603"
"City of London Police","fLrvQqOIz9do","Falls within","603"
"On or near Bishopsgate","CH41hlAxajZp","Location","603"
"City of London Police","fLrvQqOIz9do","Reported by","604"
"City of London Police","fLrvQqOIz9do","Falls within","604"
"On or near Temple Avenue","G8Y+Tl5ySPNl","Location","604"
"City of London Police","fLrvQqOIz9do","Reported by","605"
"City of London Police","fLrvQqOIz9do","Falls within","605"
"On or near Bishopsgate","CH41hlAxajZp","Location","605"
"City of London Police","fLrvQqOIz9do","Reported by","606"
"City of London Police","fLrvQqOIz9do","Falls within","606"
"No location","ToR5xtQyHv2n","Location","606"
"City of London Police","fLrvQqOIz9do","Reported by","607"
"City of London Police","fLrvQqOIz9do","Falls within","607"
"No location","ToR5xtQyHv2n","Location","607"
"City of London Police","fLrvQqOIz9do","Reported by","608"
"City of London Police","fLrvQqOIz9do","Falls within","608"
"On or near Finch Lane","cW1AWnntcpSD","Location","608"
"City of London Police","fLrvQqOIz9do","Reported by","609"
"City of London Police","fLrvQqOIz9do","Falls within","609"
"On or near Pancras Lane","F/D8DV6eOs8r","Location","609"
"City of London Police","fLrvQqOIz9do","Reported by","610"
"City of London Police","fLrvQqOIz9do","Falls within","610"
"On or near Primrose Street","HjQFdtbrLWJJ","Location","610"
"City of London Police","fLrvQqOIz9do","Reported by","611"
"City of London Police","fLrvQqOIz9do","Falls within","611"
"On or near Amen Corner","05L1EHupv/A9","Location","611"
"City of London Police","fLrvQqOIz9do","Reported by","612"
"City of London Police","fLrvQqOIz9do","Falls within","612"
"On or near Primrose Street","HjQFdtbrLWJJ","Location","612"
"City of London Police","fLrvQqOIz9do","Reported by","613"
"City of London Police","fLrvQqOIz9do","Falls within","613"
"On or near Angel Lane","ol5E6DulF/gF","Location","613"
"City of London Police","fLrvQqOIz9do","Reported by","614"
"City of London Police","fLrvQqOIz9do","Falls within","614"
"On or near Bride Lane","tI89gLY9NBfx","Location","614"
"City of London Police","fLrvQqOIz9do","Reported by","615"
"City of London Police","fLrvQqOIz9do","Falls within","615"
"On or near St Martin's Le Grand","LJ6Jj+dvGPs7","Location","615"
"City of London Police","fLrvQqOIz9do","Reported by","616"
"City of London Police","fLrvQqOIz9do","Falls within","616"
"No location","ToR5xtQyHv2n","Location","616"
"City of London Police","fLrvQqOIz9do","Reported by","617"
"City of London Police","fLrvQqOIz9do","Falls within","617"
"On or near Pancras Lane","F/D8DV6eOs8r","Location","617"
"City of London Police","fLrvQqOIz9do","Reported by","618"
"City of London Police","fLrvQqOIz9do","Falls within","618"
"On or near Temple Avenue","G8Y+Tl5ySPNl","Location","618"
"City of London Police","fLrvQqOIz9do","Reported by","619"
"City of London Police","fLrvQqOIz9do","Falls within","619"
"On or near Supermarket","R0V5P6N9Gx/1","Location","619"
"City of London Police","fLrvQqOIz9do","Reported by","620"
"City of London Police","fLrvQqOIz9do","Falls within","620"
"On or near Shopping Area","fzK/HvsYVthT","Location","620"
"City of London Police","fLrvQqOIz9do","Reported by","621"
"City of London Police","fLrvQqOIz9do","Falls within","621"
"On or near Pancras Lane","F/D8DV6eOs8r","Location","621"
"City of London Police","fLrvQqOIz9do","Reported by","622"
"City of London Police","fLrvQqOIz9do","Falls within","622"
"On or near Circus Place","MoKITRuLqSzo","Location","622"
"City of London Police","fLrvQqOIz9do","Reported by","623"
"City of London Police","fLrvQqOIz9do","Falls within","623"
"On or near Southampton Buildings","P77DQE5SDy64","Location","623"
"City of London Police","fLrvQqOIz9do","Reported by","624"
"City of London Police","fLrvQqOIz9do","Falls within","624"
"On or near Kingscote Street","CxC6tFREXULb","Location","624"
"City of London Police","fLrvQqOIz9do","Reported by","625"
"City of London Police","fLrvQqOIz9do","Falls within","625"
"On or near Amen Corner","05L1EHupv/A9","Location","625"
"City of London Police","fLrvQqOIz9do","Reported by","626"
"City of London Police","fLrvQqOIz9do","Falls within","626"
"On or near Friday Street","Ko6fYxJRo7IA","Location","626"
"City of London Police","fLrvQqOIz9do","Reported by","627"
"City of London Police","fLrvQqOIz9do","Falls within","627"
"On or near Watling Street","1z7+/Jkq1rk1","Location","627"
"City of London Police","fLrvQqOIz9do","Reported by","628"
"City of London Police","fLrvQqOIz9do","Falls within","628"
"On or near Dorset Buildings","Nwm+TZaJfUmW","Location","628"
"City of London Police","fLrvQqOIz9do","Reported by","629"
"City of London Police","fLrvQqOIz9do","Falls within","629"
"On or near Cannon Street","xXi1HTC9dEVp","Location","629"
"City of London Police","fLrvQqOIz9do","Reported by","630"
"City of London Police","fLrvQqOIz9do","Falls within","630"
"On or near Finch Lane","cW1AWnntcpSD","Location","630"
"City of London Police","fLrvQqOIz9do","Reported by","631"
"City of London Police","fLrvQqOIz9do","Falls within","631"
"On or near Lombard Street","6YZPZPnj3KKK","Location","631"
"City of London Police","fLrvQqOIz9do","Reported by","632"
"City of London Police","fLrvQqOIz9do","Falls within","632"
"On or near New Street","AQJUM6v79PO+","Location","632"
"City of London Police","fLrvQqOIz9do","Reported by","633"
"City of London Police","fLrvQqOIz9do","Falls within","633"
"On or near Bishopsgate","CH41hlAxajZp","Location","633"
"City of London Police","fLrvQqOIz9do","Reported by","634"
"City of London Police","fLrvQqOIz9do","Falls within","634"
"On or near Finch Lane","cW1AWnntcpSD","Location","634"
"City of London Police","fLrvQqOIz9do","Reported by","635"
"City of London Police","fLrvQqOIz9do","Falls within","635"
"On or near Bishopsgate","CH41hlAxajZp","Location","635"
"City of London Police","fLrvQqOIz9do","Reported by","636"
"City of London Police","fLrvQqOIz9do","Falls within","636"
"On or near Bishopsgate","CH41hlAxajZp","Location","636"
"City of London Police","fLrvQqOIz9do","Reported by","637"
"City of London Police","fLrvQqOIz9do","Falls within","637"
"On or near Holborn","vOBhrXUu0TNA","Location","637"
"City of London Police","fLrvQqOIz9do","Reported by","638"
"City of London Police","fLrvQqOIz9do","Falls within","638"
"On or near Great Trinity Lane","i9jpIXLtZq7y","Location","638"
"City of London Police","fLrvQqOIz9do","Reported by","639"
"City of London Police","fLrvQqOIz9do","Falls within","639"
"On or near Supermarket","R0V5P6N9Gx/1","Location","639"
"City of London Police","fLrvQqOIz9do","Reported by","640"
"City of London Police","fLrvQqOIz9do","Falls within","640"
"On or near Talbot Court","l9RL4ah6siaK","Location","640"
"City of London Police","fLrvQqOIz9do","Reported by","641"
"City of London Police","fLrvQqOIz9do","Falls within","641"
"On or near Minories","vdhu9SSGlJvI","Location","641"
"City of London Police","fLrvQqOIz9do","Reported by","642"
"City of London Police","fLrvQqOIz9do","Falls within","642"
"No location","ToR5xtQyHv2n","Location","642"
"City of London Police","fLrvQqOIz9do","Reported by","643"
"City of London Police","fLrvQqOIz9do","Falls within","643"
"On or near New Street","AQJUM6v79PO+","Location","643"
"City of London Police","fLrvQqOIz9do","Reported by","644"
"City of London Police","fLrvQqOIz9do","Falls within","644"
"On or near Artillery Lane","rpGBkGFkIk2l","Location","644"
"City of London Police","fLrvQqOIz9do","Reported by","645"
"City of London Police","fLrvQqOIz9do","Falls within","645"
"On or near Mitre Street","f8HqdKkLjSPw","Location","645"
"City of London Police","fLrvQqOIz9do","Reported by","646"
"City of London Police","fLrvQqOIz9do","Falls within","646"
"On or near Mitre Street","f8HqdKkLjSPw","Location","646"
"City of London Police","fLrvQqOIz9do","Reported by","647"
"City of London Police","fLrvQqOIz9do","Falls within","647"
"On or near Great Tower Street","iB9VbCaLMFie","Location","647"
"City of London Police","fLrvQqOIz9do","Reported by","648"
"City of London Police","fLrvQqOIz9do","Falls within","648"
"On or near Watling Street","1z7+/Jkq1rk1","Location","648"
"City of London Police","fLrvQqOIz9do","Reported by","649"
"City of London Police","fLrvQqOIz9do","Falls within","649"
"On or near Shopping Area","fzK/HvsYVthT","Location","649"
"City of London Police","fLrvQqOIz9do","Reported by","650"
"City of London Police","fLrvQqOIz9do","Falls within","650"
"On or near Conference/Exhibition Centre","crNzIDeKqBqO","Location","650"
"City of London Police","fLrvQqOIz9do","Reported by","651"
"City of London Police","fLrvQqOIz9do","Falls within","651"
"On or near Cannon Street","xXi1HTC9dEVp","Location","651"
"City of London Police","fLrvQqOIz9do","Reported by","652"
"City of London Police","fLrvQqOIz9do","Falls within","652"
"On or near Bury Court","gh74KppoXhWl","Location","652"
"City of London Police","fLrvQqOIz9do","Reported by","653"
"City of London Police","fLrvQqOIz9do","Falls within","653"
"On or near Liverpool Street","MlZHXg61uPKd","Location","653"
"City of London Police","fLrvQqOIz9do","Reported by","654"
"City of London Police","fLrvQqOIz9do","Falls within","654"
"On or near Bury Street","xqHdxewuYVIj","Location","654"
"City of London Police","fLrvQqOIz9do","Reported by","655"
"City of London Police","fLrvQqOIz9do","Falls within","655"
"On or near Angel Lane","ol5E6DulF/gF","Location","655"
"City of London Police","fLrvQqOIz9do","Reported by","656"
"City of London Police","fLrvQqOIz9do","Falls within","656"
"On or near Bury Court","gh74KppoXhWl","Location","656"
"City of London Police","fLrvQqOIz9do","Reported by","657"
"City of London Police","fLrvQqOIz9do","Falls within","657"
"On or near Newbury Street","fc1Bci/IlPPS","Location","657"
"City of London Police","fLrvQqOIz9do","Reported by","658"
"City of London Police","fLrvQqOIz9do","Falls within","658"
"On or near Gracechurch Street","8wnWaGjoIcFf","Location","658"
"City of London Police","fLrvQqOIz9do","Reported by","659"
"City of London Police","fLrvQqOIz9do","Falls within","659"
"On or near Pancras Lane","F/D8DV6eOs8r","Location","659"
"City of London Police","fLrvQqOIz9do","Reported by","660"
"City of London Police","fLrvQqOIz9do","Falls within","660"
"On or near India Street","Ko7IzQHFPPRI","Location","660"
"City of London Police","fLrvQqOIz9do","Reported by","661"
"City of London Police","fLrvQqOIz9do","Falls within","661"
"On or near Corbet Court","2eP832Hq9waE","Location","661"
"City of London Police","fLrvQqOIz9do","Reported by","662"
"City of London Police","fLrvQqOIz9do","Falls within","662"
"On or near Monument Street","fWbrtW3aw24J","Location","662"
"City of London Police","fLrvQqOIz9do","Reported by","663"
"City of London Police","fLrvQqOIz9do","Falls within","663"
"On or near Temple Avenue","G8Y+Tl5ySPNl","Location","663"
"City of London Police","fLrvQqOIz9do","Reported by","664"
"City of London Police","fLrvQqOIz9do","Falls within","664"
"On or near Monument Street","fWbrtW3aw24J","Location","664"
"City of London Police","fLrvQqOIz9do","Reported by","665"
"City of London Police","fLrvQqOIz9do","Falls within","665"
"On or near New Change","GFWAN7mR6GR6","Location","665"
"City of London Police","fLrvQqOIz9do","Reported by","666"
"City of London Police","fLrvQqOIz9do","Falls within","666"
"On or near Great Tower Street","iB9VbCaLMFie","Location","666"
"City of London Police","fLrvQqOIz9do","Reported by","667"
"City of London Police","fLrvQqOIz9do","Falls within","667"
"On or near Parking Area","fYKCWrLNHNL/","Location","667"
"City of London Police","fLrvQqOIz9do","Reported by","668"
"City of London Police","fLrvQqOIz9do","Falls within","668"
"No location","ToR5xtQyHv2n","Location","668"
"City of London Police","fLrvQqOIz9do","Reported by","669"
"City of London Police","fLrvQqOIz9do","Falls within","669"
"On or near A10","o78y9kdU59XX","Location","669"
"City of London Police","fLrvQqOIz9do","Reported by","670"
"City of London Police","fLrvQqOIz9do","Falls within","670"
"No location","ToR5xtQyHv2n","Location","670"
"City of London Police","fLrvQqOIz9do","Reported by","671"
"City of London Police","fLrvQqOIz9do","Falls within","671"
"No location","ToR5xtQyHv2n","Location","671"
"City of London Police","fLrvQqOIz9do","Reported by","672"
"City of London Police","fLrvQqOIz9do","Falls within","672"
"On or near A10","o78y9kdU59XX","Location","672"
"City of London Police","fLrvQqOIz9do","Reported by","673"
"City of London Police","fLrvQqOIz9do","Falls within","673"
"On or near Parking Area","fYKCWrLNHNL/","Location","673"
"City of London Police","fLrvQqOIz9do","Reported by","674"
"City of London Police","fLrvQqOIz9do","Falls within","674"
"On or near Conference/Exhibition Centre","crNzIDeKqBqO","Location","674"
"City of London Police","fLrvQqOIz9do","Reported by","675"
"City of London Police","fLrvQqOIz9do","Falls within","675"
"On or near Cannon Street","xXi1HTC9dEVp","Location","675"
"City of London Police","fLrvQqOIz9do","Reported by","676"
"City of London Police","fLrvQqOIz9do","Falls within","676"
"On or near Aldermanbury","QIVT7EZlrfrX","Location","676"
"City of London Police","fLrvQqOIz9do","Reported by","677"
"City of London Police","fLrvQqOIz9do","Falls within","677"
"No location","ToR5xtQyHv2n","Location","677"
"City of London Police","fLrvQqOIz9do","Reported by","678"
"City of London Police","fLrvQqOIz9do","Falls within","678"
"On or near Shopping Area","fzK/HvsYVthT","Location","678"
"City of London Police","fLrvQqOIz9do","Reported by","679"
"City of London Police","fLrvQqOIz9do","Falls within","679"
"On or near Cannon Street","xXi1HTC9dEVp","Location","679"
"City of London Police","fLrvQqOIz9do","Reported by","680"
"City of London Police","fLrvQqOIz9do","Falls within","680"
"On or near Martin Lane","6og4MamycvXx","Location","680"
"City of London Police","fLrvQqOIz9do","Reported by","681"
"City of London Police","fLrvQqOIz9do","Falls within","681"
"On or near Crutched Friars","Xx1u9dOHmIgj","Location","681"
"City of London Police","fLrvQqOIz9do","Reported by","682"
"City of London Police","fLrvQqOIz9do","Falls within","682"
"On or near Amen Court","xiJytzLUzDN4","Location","682"
"City of London Police","fLrvQqOIz9do","Reported by","683"
"City of London Police","fLrvQqOIz9do","Falls within","683"
"On or near Crutched Friars","Xx1u9dOHmIgj","Location","683"
"City of London Police","fLrvQqOIz9do","Reported by","684"
"City of London Police","fLrvQqOIz9do","Falls within","684"
"On or near Hospital","d5pekZN+0uOy","Location","684"
"City of London Police","fLrvQqOIz9do","Reported by","685"
"City of London Police","fLrvQqOIz9do","Falls within","685"
"On or near Goodman's Yard","BBjb+9FSEfmi","Location","685"
"City of London Police","fLrvQqOIz9do","Reported by","686"
"City of London Police","fLrvQqOIz9do","Falls within","686"
"On or near Theatre/Concert Hall","Tn3IHHKLBPz0","Location","686"
"City of London Police","fLrvQqOIz9do","Reported by","687"
"City of London Police","fLrvQqOIz9do","Falls within","687"
"On or near Dean's Court","dYbo8NX4Bz6M","Location","687"
"City of London Police","fLrvQqOIz9do","Reported by","688"
"City of London Police","fLrvQqOIz9do","Falls within","688"
"On or near Cloth Street","QDa0P1QeWVjP","Location","688"
"City of London Police","fLrvQqOIz9do","Reported by","689"
"City of London Police","fLrvQqOIz9do","Falls within","689"
"On or near A1","3INfdYvq2nmX","Location","689"
"City of London Police","fLrvQqOIz9do","Reported by","690"
"City of London Police","fLrvQqOIz9do","Falls within","690"
"On or near Great Tower Street","iB9VbCaLMFie","Location","690"
"City of London Police","fLrvQqOIz9do","Reported by","691"
"City of London Police","fLrvQqOIz9do","Falls within","691"
"On or near Victoria Avenue","AqEic1Ve0RZS","Location","691"
"City of London Police","fLrvQqOIz9do","Reported by","692"
"City of London Police","fLrvQqOIz9do","Falls within","692"
"On or near Laurence Pountney Lane","m+eW8qM1maOK","Location","692"
"City of London Police","fLrvQqOIz9do","Reported by","693"
"City of London Police","fLrvQqOIz9do","Falls within","693"
"On or near St Paul's","PDhi88b1c7iK","Location","693"
"City of London Police","fLrvQqOIz9do","Reported by","694"
"City of London Police","fLrvQqOIz9do","Falls within","694"
"On or near Gracechurch Street","8wnWaGjoIcFf","Location","694"
"City of London Police","fLrvQqOIz9do","Reported by","695"
"City of London Police","fLrvQqOIz9do","Falls within","695"
"On or near Tokenhouse Yard","eTSLRXj7wqqD","Location","695"
"City of London Police","fLrvQqOIz9do","Reported by","696"
"City of London Police","fLrvQqOIz9do","Falls within","696"
"On or near India Street","Ko7IzQHFPPRI","Location","696"
"City of London Police","fLrvQqOIz9do","Reported by","697"
"City of London Police","fLrvQqOIz9do","Falls within","697"
"On or near Moor Lane","+njjHy9WmmYk","Location","697"
"City of London Police","fLrvQqOIz9do","Reported by","698"
"City of London Police","fLrvQqOIz9do","Falls within","698"
"On or near Temple Avenue","G8Y+Tl5ySPNl","Location","698"
"City of London Police","fLrvQqOIz9do","Reported by","699"
"City of London Police","fLrvQqOIz9do","Falls within","699"
"On or near Liverpool Street","MlZHXg61uPKd","Location","699"
"City of London Police","fLrvQqOIz9do","Reported by","700"
"City of London Police","fLrvQqOIz9do","Falls within","700"
"On or near Shopping Area","fzK/HvsYVthT","Location","700"
"City of London Police","fLrvQqOIz9do","Reported by","701"
"City of London Police","fLrvQqOIz9do","Falls within","701"
"On or near Shopping Area","fzK/HvsYVthT","Location","701"
"City of London Police","fLrvQqOIz9do","Reported by","702"
"City of London Police","fLrvQqOIz9do","Falls within","702"
"On or near Corbet Court","2eP832Hq9waE","Location","702"
"City of London Police","fLrvQqOIz9do","Reported by","703"
"City of London Police","fLrvQqOIz9do","Falls within","703"
"On or near Pancras Lane","F/D8DV6eOs8r","Location","703"
"City of London Police","fLrvQqOIz9do","Reported by","704"
"City of London Police","fLrvQqOIz9do","Falls within","704"
"No location","ToR5xtQyHv2n","Location","704"
"City of London Police","fLrvQqOIz9do","Reported by","705"
"City of London Police","fLrvQqOIz9do","Falls within","705"
"On or near Shopping Area","fzK/HvsYVthT","Location","705"
"City of London Police","fLrvQqOIz9do","Reported by","706"
"City of London Police","fLrvQqOIz9do","Falls within","706"
"On or near Mitre Street","f8HqdKkLjSPw","Location","706"
"City of London Police","fLrvQqOIz9do","Reported by","707"
"City of London Police","fLrvQqOIz9do","Falls within","707"
"On or near Brackley Street","i+BirA7zgwLv","Location","707"
"City of London Police","fLrvQqOIz9do","Reported by","708"
"City of London Police","fLrvQqOIz9do","Falls within","708"
"On or near Brackley Street","i+BirA7zgwLv","Location","708"
"City of London Police","fLrvQqOIz9do","Reported by","709"
"City of London Police","fLrvQqOIz9do","Falls within","709"
"On or near Crutched Friars","Xx1u9dOHmIgj","Location","709"
"City of London Police","fLrvQqOIz9do","Reported by","710"
"City of London Police","fLrvQqOIz9do","Falls within","710"
"On or near Bishopsgate","CH41hlAxajZp","Location","710"
"City of London Police","fLrvQqOIz9do","Reported by","711"
"City of London Police","fLrvQqOIz9do","Falls within","711"
"On or near Finch Lane","cW1AWnntcpSD","Location","711"
"City of London Police","fLrvQqOIz9do","Reported by","712"
"City of London Police","fLrvQqOIz9do","Falls within","712"
"On or near Byward Street","mFffIJNCqkF4","Location","712"
"City of London Police","fLrvQqOIz9do","Reported by","713"
"City of London Police","fLrvQqOIz9do","Falls within","713"
"On or near Cloth Street","QDa0P1QeWVjP","Location","713"
"City of London Police","fLrvQqOIz9do","Reported by","714"
"City of London Police","fLrvQqOIz9do","Falls within","714"
"On or near Dean's Court","dYbo8NX4Bz6M","Location","714"
"City of London Police","fLrvQqOIz9do","Reported by","715"
"City of London Police","fLrvQqOIz9do","Falls within","715"
"On or near Giltspur Street","phyFp9i5uImP","Location","715"
"City of London Police","fLrvQqOIz9do","Reported by","716"
"City of London Police","fLrvQqOIz9do","Falls within","716"
"No location","ToR5xtQyHv2n","Location","716"
"City of London Police","fLrvQqOIz9do","Reported by","717"
"City of London Police","fLrvQqOIz9do","Falls within","717"
"No location","ToR5xtQyHv2n","Location","717"
"City of London Police","fLrvQqOIz9do","Reported by","718"
"City of London Police","fLrvQqOIz9do","Falls within","718"
"On or near Moorgate","jLx3Ie2n+1jk","Location","718"
"City of London Police","fLrvQqOIz9do","Reported by","719"
"City of London Police","fLrvQqOIz9do","Falls within","719"
"On or near Conference/Exhibition Centre","crNzIDeKqBqO","Location","719"
"City of London Police","fLrvQqOIz9do","Reported by","720"
"City of London Police","fLrvQqOIz9do","Falls within","720"
"On or near Cloth Fair","y2jTDZgNMUj/","Location","720"
"City of London Police","fLrvQqOIz9do","Reported by","721"
"City of London Police","fLrvQqOIz9do","Falls within","721"
"On or near Mitre Street","f8HqdKkLjSPw","Location","721"
"City of London Police","fLrvQqOIz9do","Reported by","722"
"City of London Police","fLrvQqOIz9do","Falls within","722"
"On or near India Street","Ko7IzQHFPPRI","Location","722"
"City of London Police","fLrvQqOIz9do","Reported by","723"
"City of London Police","fLrvQqOIz9do","Falls within","723"
"On or near Martin Lane","6og4MamycvXx","Location","723"
"City of London Police","fLrvQqOIz9do","Reported by","724"
"City of London Police","fLrvQqOIz9do","Falls within","724"
"On or near Laurence Pountney Hill","yQ/DPAHzI61o","Location","724"
"City of London Police","fLrvQqOIz9do","Reported by","725"
"City of London Police","fLrvQqOIz9do","Falls within","725"
"On or near Eastcheap","5CMQagL2W7dM","Location","725"
"City of London Police","fLrvQqOIz9do","Reported by","726"
"City of London Police","fLrvQqOIz9do","Falls within","726"
"On or near Kingscote Street","CxC6tFREXULb","Location","726"
"City of London Police","fLrvQqOIz9do","Reported by","727"
"City of London Police","fLrvQqOIz9do","Falls within","727"
"On or near Cloth Fair","y2jTDZgNMUj/","Location","727"
"City of London Police","fLrvQqOIz9do","Reported by","728"
"City of London Police","fLrvQqOIz9do","Falls within","728"
"On or near Aldersgate Street","lEhCXrFZtfEr","Location","728"
"City of London Police","fLrvQqOIz9do","Reported by","729"
"City of London Police","fLrvQqOIz9do","Falls within","729"
"On or near New Street","AQJUM6v79PO+","Location","729"
"City of London Police","fLrvQqOIz9do","Reported by","730"
"City of London Police","fLrvQqOIz9do","Falls within","730"
"On or near Sports/Recreation Area","RB79V4fXrlFh","Location","730"
"City of London Police","fLrvQqOIz9do","Reported by","731"
"City of London Police","fLrvQqOIz9do","Falls within","731"
"On or near Shopping Area","fzK/HvsYVthT","Location","731"
"City of London Police","fLrvQqOIz9do","Reported by","732"
"City of London Police","fLrvQqOIz9do","Falls within","732"
"On or near Crutched Friars","Xx1u9dOHmIgj","Location","732"
"City of London Police","fLrvQqOIz9do","Reported by","733"
"City of London Police","fLrvQqOIz9do","Falls within","733"
"No location","ToR5xtQyHv2n","Location","733"
"City of London Police","fLrvQqOIz9do","Reported by","734"
"City of London Police","fLrvQqOIz9do","Falls within","734"
"No location","ToR5xtQyHv2n","Location","734"
"City of London Police","fLrvQqOIz9do","Reported by","735"
"City of London Police","fLrvQqOIz9do","Falls within","735"
"On or near Lombard Street","6YZPZPnj3KKK","Location","735"
"City of London Police","fLrvQqOIz9do","Reported by","736"
"City of London Police","fLrvQqOIz9do","Falls within","736"
"On or near New London Street","kIwi4X783cZ8","Location","736"
"City of London Police","fLrvQqOIz9do","Reported by","737"
"City of London Police","fLrvQqOIz9do","Falls within","737"
"On or near Finch Lane","cW1AWnntcpSD","Location","737"
"City of London Police","fLrvQqOIz9do","Reported by","738"
"City of London Police","fLrvQqOIz9do","Falls within","738"
"On or near London Liverpool Street","wSjScPkT76e5","Location","738"
"City of London Police","fLrvQqOIz9do","Reported by","739"
"City of London Police","fLrvQqOIz9do","Falls within","739"
"On or near Bride Lane","tI89gLY9NBfx","Location","739"
"City of London Police","fLrvQqOIz9do","Reported by","740"
"City of London Police","fLrvQqOIz9do","Falls within","740"
"On or near Noble Street","feBrczbAlNwy","Location","740"
"City of London Police","fLrvQqOIz9do","Reported by","741"
"City of London Police","fLrvQqOIz9do","Falls within","741"
"On or near Giltspur Street","phyFp9i5uImP","Location","741"
"City of London Police","fLrvQqOIz9do","Reported by","742"
"City of London Police","fLrvQqOIz9do","Falls within","742"
"On or near Earl Street","WApDPY1NMGDs","Location","742"
"City of London Police","fLrvQqOIz9do","Reported by","743"
"City of London Police","fLrvQqOIz9do","Falls within","743"
"On or near Amen Corner","05L1EHupv/A9","Location","743"
"City of London Police","fLrvQqOIz9do","Reported by","744"
"City of London Police","fLrvQqOIz9do","Falls within","744"
"On or near Little Somerset Street","eCY6srbyJm8v","Location","744"
"City of London Police","fLrvQqOIz9do","Reported by","745"
"City of London Police","fLrvQqOIz9do","Falls within","745"
"On or near Cannon Street","xXi1HTC9dEVp","Location","745"
"City of London Police","fLrvQqOIz9do","Reported by","746"
"City of London Police","fLrvQqOIz9do","Falls within","746"
"On or near Liverpool Street","MlZHXg61uPKd","Location","746"
"City of London Police","fLrvQqOIz9do","Reported by","747"
"City of London Police","fLrvQqOIz9do","Falls within","747"
"On or near Printer Street","QR+vNWOFmQE1","Location","747"
"City of London Police","fLrvQqOIz9do","Reported by","748"
"City of London Police","fLrvQqOIz9do","Falls within","748"
"On or near Giltspur Street","phyFp9i5uImP","Location","748"
"City of London Police","fLrvQqOIz9do","Reported by","749"
"City of London Police","fLrvQqOIz9do","Falls within","749"
"On or near Pancras Lane","F/D8DV6eOs8r","Location","749"
"City of London Police","fLrvQqOIz9do","Reported by","750"
"City of London Police","fLrvQqOIz9do","Falls within","750"
"On or near Circus Place","MoKITRuLqSzo","Location","750"
"City of London Police","fLrvQqOIz9do","Reported by","751"
"City of London Police","fLrvQqOIz9do","Falls within","751"
"On or near St Clare Street","rxdkikB/nb/t","Location","751"
"City of London Police","fLrvQqOIz9do","Reported by","752"
"City of London Police","fLrvQqOIz9do","Falls within","752"
"On or near Mitre Street","f8HqdKkLjSPw","Location","752"
"City of London Police","fLrvQqOIz9do","Reported by","753"
"City of London Police","fLrvQqOIz9do","Falls within","753"
"On or near Corbet Court","2eP832Hq9waE","Location","753"
"City of London Police","fLrvQqOIz9do","Reported by","754"
"City of London Police","fLrvQqOIz9do","Falls within","754"
"On or near India Street","Ko7IzQHFPPRI","Location","754"
"City of London Police","fLrvQqOIz9do","Reported by","755"
"City of London Police","fLrvQqOIz9do","Falls within","755"
"On or near Martin Lane","6og4MamycvXx","Location","755"
"City of London Police","fLrvQqOIz9do","Reported by","756"
"City of London Police","fLrvQqOIz9do","Falls within","756"
"On or near Parking Area","fYKCWrLNHNL/","Location","756"
"City of London Police","fLrvQqOIz9do","Reported by","757"
"City of London Police","fLrvQqOIz9do","Falls within","757"
"On or near Eastcheap","5CMQagL2W7dM","Location","757"
"City of London Police","fLrvQqOIz9do","Reported by","758"
"City of London Police","fLrvQqOIz9do","Falls within","758"
"On or near New Street","AQJUM6v79PO+","Location","758"
"City of London Police","fLrvQqOIz9do","Reported by","759"
"City of London Police","fLrvQqOIz9do","Falls within","759"
"On or near Corbet Court","2eP832Hq9waE","Location","759"
"City of London Police","fLrvQqOIz9do","Reported by","760"
"City of London Police","fLrvQqOIz9do","Falls within","760"
"On or near Eastcheap","5CMQagL2W7dM","Location","760"
"City of London Police","fLrvQqOIz9do","Reported by","761"
"City of London Police","fLrvQqOIz9do","Falls within","761"
"On or near Conference/Exhibition Centre","crNzIDeKqBqO","Location","761"
"City of London Police","fLrvQqOIz9do","Reported by","762"
"City of London Police","fLrvQqOIz9do","Falls within","762"
"On or near Police Station","p4DsdPMvBuWJ","Location","762"
"City of London Police","fLrvQqOIz9do","Reported by","763"
"City of London Police","fLrvQqOIz9do","Falls within","763"
"On or near A1","3INfdYvq2nmX","Location","763"
"City of London Police","fLrvQqOIz9do","Reported by","764"
"City of London Police","fLrvQqOIz9do","Falls within","764"
"On or near Parking Area","fYKCWrLNHNL/","Location","764"
