"Crime ID","Month","Reported by","Falls within","Longitude","Latitude","Location","LSOA code","LSOA name","Crime type","Last outcome category","Context"
"c638901c7eabe986a8c1bc711dc682233e2ba1fb86766fc5713f0d7cc248b4d0","2026-02","fLrvQqOIz9do","fLrvQqOIz9do","-0.196207","51.554683","hKtU4tLaqA3U","E01000877","Camden 005E","Robbery","Under investigation",""
"fc00791d8f4fd1c8af68108d1ca8bb43d99e78331ffb2123bf815fbb060e9427","2026-02","fLrvQqOIz9do","fLrvQqOIz9do","-0.109842","51.522012","lSvH1z4AK5l+","E01000916","Camden 027B","Drugs","Under investigation",""
"576128317451605924a958513f2ee58dfc5b6e44d6a12e68551cfc2cd106e31a","2026-02","fLrvQqOIz9do","fLrvQqOIz9do","-0.107682","51.517786","kyxhfu+NW8XL","E01000917","Camden 027C","Other theft","Investigation complete; no suspect identified",""
"56f152b15c98918aadcede9264e276b8dd22ba5ae4d878a95c3d0594447fe86a","2026-02","fLrvQqOIz9do","fLrvQqOIz9do","-0.107682","51.517786","kyxhfu+NW8XL","E01000917","Camden 027C","Other theft","Under investigation",""
"e94fff5c7681c038ee16c348a477cd69b120ebc78261b52ad3c1ce724a39835f","2026-02","fLrvQqOIz9do","fLrvQqOIz9do","-0.120962","51.530607","JO8f9pKqPnGW","E01000938","Camden 029A","Public order","Under investigation",""
"","2026-02","fLrvQqOIz9do","fLrvQqOIz9do","-0.097078","51.519045","3INfdYvq2nmX","E01000001","City of London 001A","Anti-social behaviour","",""
"ecab40008d422009f029a80d7c5254c4655bf754622cec478fd3f205abbf7b86","2026-02","fLrvQqOIz9do","fLrvQqOIz9do","-0.096367","51.515355","g4q7Qt4qyTBH","E01000001","City of London 001A","Criminal damage and arson","Under investigation",""
"7d9932b1fc20aa37838da05baac3637131d5d46de653693238c75fe1073378a7","2026-02","fLrvQqOIz9do","fLrvQqOIz9do","-0.097103","51.518461","lEhCXrFZtfEr","E01000001","City of London 001A","Criminal damage and arson","Investigation complete; no suspect identified",""
"a68a3e5ce40d34d1277f1ab4ec3b75dfc13a2716981d6c8f4fb5c43c8d1cc42f","2026-02","fLrvQqOIz9do","fLrvQqOIz9do","-0.097144","51.515062","FM7E3+uyl9SW","E01000001","City of London 001A","Other theft","Under investigation",""
"79e09096757559c90082201f9d7a7e39abbd75827cb7c4faf73c3f15ad7cd575","2026-02","fLrvQqOIz9do","fLrvQqOIz9do","-0.097245","51.515387","cZf5K1VNuEeX","E01000001","City of London 001A","Other theft","Investigation complete; no suspect identified",""
"14b7410922424a555106f9880abcb2564bfd94360b022b30c975c8c0714351f8","2026-02","fLrvQqOIz9do","fLrvQqOIz9do","-0.097562","51.518864","fYKCWrLNHNL/","E01000001","City of London 001A","Other theft","Investigation complete; no suspect identified",""
"e6bea104bd6674085219a110d0908d04040ecb87b98288f008885cfc65706ae6","2026-02","fLrvQqOIz9do","fLrvQqOIz9do","-0.097078","51.519045","3INfdYvq2nmX","E01000001","City of London 001A","Other theft","Investigation complete; no suspect identified",""
"12abe74596a33a6a6ef97f1c71c310861ed68048f62281a0023908828c3c9b27","2026-02","fLrvQqOIz9do","fLrvQqOIz9do","-0.098519","51.517332","tKTxQW6cnYQT","E01000001","City of London 001A","Other theft","Under investigation",""
"38de92e9bab4815d1bd7b2e32eaff01f1c13eab3b26b0ee786aa0e4d162c4488","2026-02","fLrvQqOIz9do","fLrvQqOIz9do","-0.097103","51.518461","lEhCXrFZtfEr","E01000001","City of London 001A","Vehicle crime","Investigation complete; no suspect identified",""
"a17a33b8af6f2555aecb92a61a4927943937192187919f15742f1dd022514225","2026-02","fLrvQqOIz9do","fLrvQqOIz9do","-0.097103","51.518461","lEhCXrFZtfEr","E01000001","City of London 001A","Vehicle crime","Under investigation",""
"264b1dd234e2324226c1386d8c3ea7306862dcd29daa2a68a2a2770b80e7a8a0","2026-02","fLrvQqOIz9do","fLrvQqOIz9do","-0.097144","51.515062","FM7E3+uyl9SW","E01000001","City of London 001A","Violence and sexual offences","Unable to prosecute suspect",""
"ba4d7cb723f00e2bf5a914b834b5e4a53a8335cef12882bd664fca53b08e0d3d","2026-02","fLrvQqOIz9do","fLrvQqOIz9do","-0.097078","51.519045","3INfdYvq2nmX","E01000001","City of London 001A","Violence and sexual offences","Under investigation",""
"3b25fe44edbd748873214e6916bad04ba4798b87a2ea1dcce4e72a8f6b778466","2026-02","fLrvQqOIz9do","fLrvQqOIz9do","-0.097078","51.519045","3INfdYvq2nmX","E01000001","City of London 001A","Violence and sexual offences","Unable to prosecute suspect",""
"","2026-02","fLrvQqOIz9do","fLrvQqOIz9do","-0.094130","51.519961","Tn3IHHKLBPz0","E01000002","City of London 001B","Anti-social behaviour","",""
"ed9201b3090c9dc48d2a5d5dbc11b6096366fb8abbaa94fc8fab7900d15d8e16","2026-02","fLrvQqOIz9do","fLrvQqOIz9do","-0.092488","51.520598","uDDIdyXfh6MM","E01000002","City of London 001B","Bicycle theft","Under investigation",""
"c1b67f7f7cc7863d88271614e2a99cbf3edfe80ced29c37fb52047db2206092f","2026-02","fLrvQqOIz9do","fLrvQqOIz9do","-0.094655","51.517369","fYKCWrLNHNL/","E01000002","City of London 001B","Criminal damage and arson","Unable to prosecute suspect",""
"073f817a99d15dba2cfb153630cb7d0018a2257f656ef1305e722a0cebef2a38","2026-02","fLrvQqOIz9do","fLrvQqOIz9do","-0.095704","51.516747","feBrczbAlNwy","E01000002","City of London 001B","Criminal damage and arson","Under investigation",""
"98eea2b680e60a61ae84ff646b25329d3849696459ba8ca669a6ffa4a6b66464","2026-02","fLrvQqOIz9do","fLrvQqOIz9do","-0.093886","51.518166","gw3N4hl9Qf3X","E01000002","City of London 001B","Drugs","Investigation complete; no suspect identified",""
"58e3a925083cdc0867cf1c881f5c47574db4b3116efa34b66795badd128094a6","2026-02","fLrvQqOIz9do","fLrvQqOIz9do","-0.093271","51.518066","u5ZyMKYx4z+C","E01000002","City of London 001B","Drugs","Investigation complete; no suspect identified",""
"6d7b81f2e3afd409609758c8a10cfa0181c4c587afdde4396c82fd47a1739721","2026-02","fLrvQqOIz9do","fLrvQqOIz9do","-0.093271","51.518066","u5ZyMKYx4z+C","E01000002","City of London 001B","Drugs","Investigation complete; no suspect identified",""
"b1427a33f4b5eb0b8c137dd0cf5fb890f06afb09b8c6d1af829cdc2b367902ce","2026-02","fLrvQqOIz9do","fLrvQqOIz9do","-0.093271","51.518066","u5ZyMKYx4z+C","E01000002","City of London 001B","Drugs","Investigation complete; no suspect identified",""
"0d3d347b532af37d4cc0fb14ef7414578f12f2d922079ee5bfaefe0f910490c4","2026-02","fLrvQqOIz9do","fLrvQqOIz9do","-0.093271","51.518066","u5ZyMKYx4z+C","E01000002","City of London 001B","Drugs","Investigation complete; no suspect identified",""
"130854eea9d35cfdbf2675b65db2030586b58edeb7e5a600c8aef948ba53f357","2026-02","fLrvQqOIz9do","fLrvQqOIz9do","-0.092971","51.516271","QIVT7EZlrfrX","E01000002","City of London 001B","Drugs","Formal action is not in the public interest",""
"2a305a67aac6153ccacfd44aa55794c9c5ccd3b10016249f60ccf6a909315b9b","2026-02","fLrvQqOIz9do","fLrvQqOIz9do","-0.090553","51.518948","+njjHy9WmmYk","E01000002","City of London 001B","Drugs","Investigation complete; no suspect identified",""
"3b279266d71a04530ebaacb4c03298eb7e9c46179466469c4a4de1479b2f6788","2026-02","fLrvQqOIz9do","fLrvQqOIz9do","-0.093271","51.518066","u5ZyMKYx4z+C","E01000002","City of London 001B","Drugs","Investigation complete; no suspect identified",""
"741b206c2c302d7e72b340d1c24f4258687732ff71f7ca19efa0d248bc716db7","2026-02","fLrvQqOIz9do","fLrvQqOIz9do","-0.092971","51.516271","QIVT7EZlrfrX","E01000002","City of London 001B","Drugs","Investigation complete; no suspect identified",""
"9d254ade831e6d90844d21cf44bcc47e6f7193659d3b94e5ab33ad6b4c0381ea","2026-02","fLrvQqOIz9do","fLrvQqOIz9do","-0.093271","51.518066","u5ZyMKYx4z+C","E01000002","City of London 001B","Drugs","Investigation complete; no suspect identified",""
"264c5131db721c0aba08f1bdb1591457da1291925b4c331e2a74b43fd5fff84d","2026-02","fLrvQqOIz9do","fLrvQqOIz9do","-0.093271","51.518066","u5ZyMKYx4z+C","E01000002","City of London 001B","Drugs","Investigation complete; no suspect identified",""
"106d92dfe176ef27e63ba82cfe5a2df5098bd6f697005e166b0633d988681e0e","2026-02","fLrvQqOIz9do","fLrvQqOIz9do","-0.093271","51.518066","u5ZyMKYx4z+C","E01000002","City of London 001B","Drugs","Investigation complete; no suspect identified",""
"e85dbde7df50d6d979ebda4e6ec1fa2972780f3d913bfe5bfe36cc1265878a48","2026-02","fLrvQqOIz9do","fLrvQqOIz9do","-0.093271","51.518066","u5ZyMKYx4z+C","E01000002","City of London 001B","Drugs","Investigation complete; no suspect identified",""
"d5fff690a2d59207fa07d364a8d0ab15275b137ac45a59fe61bae8d4f1b146b5","2026-02","fLrvQqOIz9do","fLrvQqOIz9do","-0.095704","51.516747","feBrczbAlNwy","E01000002","City of London 001B","Other theft","Investigation complete; no suspect identified",""
"b32e107120349cf9169ddb6148f4f82353f4fe684da338044d155d7c90ca59d2","2026-02","fLrvQqOIz9do","fLrvQqOIz9do","-0.090648","51.520127","qTY2VvzIEWD8","E01000002","City of London 001B","Other theft","Investigation complete; no suspect identified",""
"98499eeb83c09f4a4d63cf7a8ecca37646d4c5311785956ebab0901e038a68ac","2026-02","fLrvQqOIz9do","fLrvQqOIz9do","-0.090553","51.518948","+njjHy9WmmYk","E01000002","City of London 001B","Other theft","Under investigation",""
"a69e9d591e0d73b4948731e1f8b884d8e1e9f1b35f39e534bd002c3f31708040","2026-02","fLrvQqOIz9do","fLrvQqOIz9do","-0.090553","51.518948","+njjHy9WmmYk","E01000002","City of London 001B","Other theft","Under investigation",""
"22eb502eb2513b97ce236ed83607a66ad1ade8cb1bbeb67d2ea8acd1037f3ea8","2026-02","fLrvQqOIz9do","fLrvQqOIz9do","-0.093886","51.518166","gw3N4hl9Qf3X","E01000002","City of London 001B","Other theft","Investigation complete; no suspect identified",""
"3d96f11924ea77d137eb3bf8c4496b628d63b47302b12d43eb9f6a135045698d","2026-02","fLrvQqOIz9do","fLrvQqOIz9do","-0.094130","51.519961","Tn3IHHKLBPz0","E01000002","City of London 001B","Other theft","Under investigation",""
"4e89dc6186d87bad52c36dc8e713de8ab8e4aeab2cc8c7d14590187e10e82ab9","2026-02","fLrvQqOIz9do","fLrvQqOIz9do","-0.092971","51.516271","QIVT7EZlrfrX","E01000002","City of London 001B","Other theft","Investigation complete; no suspect identified",""
"045a85b8b439aac56d779eea3f40b77b20d8fd42a0123c7de16aa412d59918ed","2026-02","fLrvQqOIz9do","fLrvQqOIz9do","-0.094130","51.519961","Tn3IHHKLBPz0","E01000002","City of London 001B","Public order","Under investigation",""
"29703627fbae768b3bd0ad20f18888e7bfb5f2de5496c02c2bd516c9f9b92e9a","2026-02","fLrvQqOIz9do","fLrvQqOIz9do","-0.090553","51.518948","+njjHy9WmmYk","E01000002","City of London 001B","Shoplifting","Investigation complete; no suspect identified",""
"6c239e2560c257be318b6620862efb9bcc010820be16bee4fd4f5793948a9224","2026-02","fLrvQqOIz9do","fLrvQqOIz9do","-0.090553","51.518948","+njjHy9WmmYk","E01000002","City of London 001B","Shoplifting","Under investigation",""
"7ed2f2972b2dd0a3a9da8fc47abcb3756196fd151c86d149e925e200ea3aa066","2026-02","fLrvQqOIz9do","fLrvQqOIz9do","-0.090553","51.518948","+njjHy9WmmYk","E01000002","City of London 001B","Shoplifting","Under investigation",""
"cf1697bc2f4a173d608971844ad39572e714df70f49b66b86feb576f3ab975c6","2026-02","fLrvQqOIz9do","fLrvQqOIz9do","-0.090553","51.518948","+njjHy9WmmYk","E01000002","City of London 001B","Shoplifting","Under investigation",""
"6728765c4918b2138215dc20df79d2e14944cd98ff61b326aedb6dc46d1d9b0d","2026-02","fLrvQqOIz9do","fLrvQqOIz9do","-0.090553","51.518948","+njjHy9WmmYk","E01000002","City of London 001B","Shoplifting","Investigation complete; no suspect identified",""
"dd43911f353d1dac6108594897a601720706383fd6a62c48c75f35ddc47774b6","2026-02","fLrvQqOIz9do","fLrvQqOIz9do","-0.090553","51.518948","+njjHy9WmmYk","E01000002","City of London 001B","Shoplifting","Under investigation",""
"2da3d653662f0e3624110d22bcbccf44c3c0c3e5346b61d3fcc7c5462c597866","2026-02","fLrvQqOIz9do","fLrvQqOIz9do","-0.096984","51.522426","RB79V4fXrlFh","E01000003","City of London 001C","Bicycle theft","Investigation complete; no suspect identified",""
"825c29dde9abd73e732430c03dc36ceb3c9a57aff03b83c30852800a74cd2990","2026-02","fLrvQqOIz9do","fLrvQqOIz9do","-0.096984","51.522426","RB79V4fXrlFh","E01000003","City of London 001C","Burglary","Under investigation",""
"6bb6dd84ad49d9ae44cbdb34bf22afafe4c76e8164f940fd1851d79aa46e9f2b","2026-02","fLrvQqOIz9do","fLrvQqOIz9do","-0.096984","51.522426","RB79V4fXrlFh","E01000003","City of London 001C","Drugs","Investigation complete; no suspect identified",""
"ef79bc219d98b9f7e584fd71df29d9c78c427fdc9c4520001b8d9debb5e4a1cf","2026-02","fLrvQqOIz9do","fLrvQqOIz9do","-0.095758","51.521667","B4cJzx8oLYwj","E01000003","City of London 001C","Drugs","Investigation complete; no suspect identified",""
"2b72a7ec05196725a7a553e4cbf7928a58c8dd68568e66408750a4200cebdb26","2026-02","fLrvQqOIz9do","fLrvQqOIz9do","-0.094932","51.522823","rEsRb4T2ZPuv","E01000003","City of London 001C","Drugs","Investigation complete; no suspect identified",""
"4324850647828e4733dcdeb74dcbf64fd81fd6e2b29d13bb07a4901a3697617a","2026-02","fLrvQqOIz9do","fLrvQqOIz9do","-0.094759","51.521435","i+BirA7zgwLv","E01000003","City of London 001C","Drugs","Investigation complete; no suspect identified",""
"cd3b3a17939a66bf8203ee93f88f2a21ee9736068f5b446ff705f83456c02027","2026-02","fLrvQqOIz9do","fLrvQqOIz9do","-0.094759","51.521435","i+BirA7zgwLv","E01000003","City of London 001C","Drugs","Investigation complete; no suspect identified",""
"a807bd5da46ff2958cde66df0481c9c8830454d09561116cf956e6e95964ae24","2026-02","fLrvQqOIz9do","fLrvQqOIz9do","-0.095758","51.521667","B4cJzx8oLYwj","E01000003","City of London 001C","Other theft","Under investigation",""
"193c1918b2d4154121b17f42f70ddbbbfd483b6c206ccfffbdff527ba90aafdb","2026-02","fLrvQqOIz9do","fLrvQqOIz9do","-0.094759","51.521435","i+BirA7zgwLv","E01000003","City of London 001C","Public order","Local resolution",""
"37dd48cf82667754195cf377237fa88d463f28b56d7893fdb01087661240681c","2026-02","fLrvQqOIz9do","fLrvQqOIz9do","-0.094759","51.521435","i+BirA7zgwLv","E01000003","City of London 001C","Public order","Local resolution",""
"1455631d0aaf068f1d527b3f4579958665538337615da4cfd7d81b5287e6dc5a","2026-02","fLrvQqOIz9do","fLrvQqOIz9do","-0.094759","51.521435","i+BirA7zgwLv","E01000003","City of London 001C","Theft from the person","Under investigation",""
"050a34852697f1798e16f6087c2bf61c348281d9c536a764c380b4ac8895ec19","2026-02","fLrvQqOIz9do","fLrvQqOIz9do","-0.076145","51.512642","Ko7IzQHFPPRI","E01000005","City of London 001E","Criminal damage and arson","Investigation complete; no suspect identified",""
"5e87a41855095210068e7e4c5af11d9b2cae0adbcbee713b7ebf7d096cd56ba2","2026-02","fLrvQqOIz9do","fLrvQqOIz9do","-0.076145","51.512642","Ko7IzQHFPPRI","E01000005","City of London 001E","Drugs","Investigation complete; no suspect identified",""
"adeba69c8ee69edb11460875933450b771b3d219ac5c35c8d60fa35270a539f2","2026-02","fLrvQqOIz9do","fLrvQqOIz9do","-0.073704","51.511748","IIUw3V8vgigd","E01000005","City of London 001E","Other theft","Under investigation",""
"d4af4703791b31e809b897a251a61d0cbc1d37e6fa4d718e353864f375cc6d7e","2026-02","fLrvQqOIz9do","fLrvQqOIz9do","-0.076425","51.516271","FSwb7xF+xX1N","E01000005","City of London 001E","Other theft","Under investigation",""
"7ffb1814df726ec851068c6aca426a3ff5414526db955099f52127e0bfce204c","2026-02","fLrvQqOIz9do","fLrvQqOIz9do","-0.076145","51.512642","Ko7IzQHFPPRI","E01000005","City of London 001E","Other theft","Unable to prosecute suspect",""
"8bab72e659e932792b5e7ce39aa2452ad3b6f51317716e12dbd43d7788393127","2026-02","fLrvQqOIz9do","fLrvQqOIz9do","-0.075080","51.512625","rxdkikB/nb/t","E01000005","City of London 001E","Other theft","Under investigation",""
"9879d03ff04e0a8e3cf727d7b100948edc05cc9a6aab529cab499d9b64aeee3b","2026-02","fLrvQqOIz9do","fLrvQqOIz9do","-0.074330","51.513647","eCY6srbyJm8v","E01000005","City of London 001E","Other theft","Under investigation",""
"0c0ce50ba565932f940785304a0fd3a1f47fcf1646bb8bc10757af08425873c1","2026-02","fLrvQqOIz9do","fLrvQqOIz9do","-0.074925","51.514924","3lbO3t/qlBv2","E01000005","City of London 001E","Other theft","Investigation complete; no suspect identified",""
"594481f799eec1f900bee631319437161cad6966c4b0c81790234db0ecca4fb6","2026-02","fLrvQqOIz9do","fLrvQqOIz9do","-0.078883","51.515385","7oBUjFOTww5g","E01000005","City of London 001E","Other theft","Under investigation",""
"eba65b070e21ef69e2d8fe690f0ce08cf5f3cb0c6ab9129cc3b0a27eed2c90ab","2026-02","fLrvQqOIz9do","fLrvQqOIz9do","-0.075401","51.511164","R0V5P6N9Gx/1","E01000005","City of London 001E","Other theft","Under investigation",""
"2674da0904706f5a88f158ba2eec479af4dfe483ec60356fbe10008f5cf6486c","2026-02","fLrvQqOIz9do","fLrvQqOIz9do","-0.074330","51.513647","eCY6srbyJm8v","E01000005","City of London 001E","Other theft","Under investigation",""
"e91f7a0f34374a025cd9227b8abe76c4cfaa0d31bd239042eff25b8bb1073ef2","2026-02","fLrvQqOIz9do","fLrvQqOIz9do","-0.076145","51.512642","Ko7IzQHFPPRI","E01000005","City of London 001E","Public order","Under investigation",""
"c3c59ee10b4a2f77a14edae831d737981fa6c6d32ba7c1606bce6a82c1a71da8","2026-02","fLrvQqOIz9do","fLrvQqOIz9do","-0.073456","51.513542","eCY6srbyJm8v","E01000005","City of London 001E","Public order","Under investigation",""
"341d1d5c047b32236c720f85a2235410e36b1376d7802525d71611cc1fb8c193","2026-02","fLrvQqOIz9do","fLrvQqOIz9do","-0.075080","51.512625","rxdkikB/nb/t","E01000005","City of London 001E","Public order","Unable to prosecute suspect",""
"993dc889cfdb7602d71614fb54ea42e65c0ea0207ca9e9d1fb079914e3250ad1","2026-02","fLrvQqOIz9do","fLrvQqOIz9do","-0.076145","51.512642","Ko7IzQHFPPRI","E01000005","City of London 001E","Shoplifting","Investigation complete; no suspect identified",""
"c0784eea38ede639d83635abbe416489a0ffc9bb8f1258cfe5c1929961c24e56","2026-02","fLrvQqOIz9do","fLrvQqOIz9do","-0.076145","51.512642","Ko7IzQHFPPRI","E01000005","City of London 001E","Shoplifting","Under investigation",""
"667ae2a175cc373a33e2889e6785cf42f9a3890f1c148deb8a0bbcb1fcb84fec","2026-02","fLrvQqOIz9do","fLrvQqOIz9do","-0.076145","51.512642","Ko7IzQHFPPRI","E01000005","City of London 001E","Shoplifting","Under investigation",""
"44d417bca5267ddc8be0dfbdc06aaf97e6023a26b68a12756498e3e8d4a815be","2026-02","fLrvQqOIz9do","fLrvQqOIz9do","-0.076145","51.512642","Ko7IzQHFPPRI","E01000005","City of London 001E","Shoplifting","Unable to prosecute suspect",""
"8f6ec24300760ddc9ff35e16d8c0c95c7e4078e7f0bfa6041a7106e2e0723759","2026-02","fLrvQqOIz9do","fLrvQqOIz9do","-0.074330","51.513647","eCY6srbyJm8v","E01000005","City of London 001E","Shoplifting","Further investigation is not in the public interest",""
"e5e832f25f1d4ed43076f5a2fd8bfccc56124184fb0c643075e91504b22f1fa9","2026-02","fLrvQqOIz9do","fLrvQqOIz9do","-0.076145","51.512642","Ko7IzQHFPPRI","E01000005","City of London 001E","Shoplifting","Awaiting court outcome",""
"b0d873d810ac2d95746ecb498b4a5ec2e49aff72154f1e806caf242b175b46a0","2026-02","fLrvQqOIz9do","fLrvQqOIz9do","-0.076038","51.511759","d5pekZN+0uOy","E01000005","City of London 001E","Theft from the person","Investigation complete; no suspect identified",""
"2f99ef6286b85b7e10d456857515a74cddf8cb6ff398f7e5d86d2a61713f6a33","2026-02","fLrvQqOIz9do","fLrvQqOIz9do","-0.075080","51.512625","rxdkikB/nb/t","E01000005","City of London 001E","Theft from the person","Under investigation",""
"87f16268afa14123b4b8e5f080321b995a7d0acff0400237cd0dbd8fef1b26e2","2026-02","fLrvQqOIz9do","fLrvQqOIz9do","-0.075453","51.511965","vdhu9SSGlJvI","E01000005","City of London 001E","Theft from the person","Investigation complete; no suspect identified",""
"b290f1d3091fdddda8094efdc0337473101a2a9b25a440ecfea22a42f553ddee","2026-02","fLrvQqOIz9do","fLrvQqOIz9do","-0.077511","51.515812","W3ve2Xf7axy1","E01000005","City of London 001E","Theft from the person","Under investigation",""
"59b940115f99fd5b01b583b153e6f3c242fed4f70560210e2dece6dca3679d3b","2026-02","fLrvQqOIz9do","fLrvQqOIz9do","-0.076145","51.512642","Ko7IzQHFPPRI","E01000005","City of London 001E","Theft from the person","Investigation complete; no suspect identified",""
"5968b1c4b579792e1c664435a9b12616e750bd8021397a3dc9d9598cd776f979","2026-02","fLrvQqOIz9do","fLrvQqOIz9do","-0.075401","51.511164","R0V5P6N9Gx/1","E01000005","City of London 001E","Theft from the person","Investigation complete; no suspect identified",""
"bbf367e35cda443b3c86ff61094b37f95af6b6e6beed1c17cc391f45545eb93a","2026-02","fLrvQqOIz9do","fLrvQqOIz9do","-0.073727","51.511218","IZ8730/M66Ua","E01000005","City of London 001E","Theft from the person","Investigation complete; no suspect identified",""
"638017cdfcbc244362e489bf9acb24f57c0213c74df09fde89856298159fe40a","2026-02","fLrvQqOIz9do","fLrvQqOIz9do","-0.077407","51.516215","1Y0Y/YzkBYoT","E01000005","City of London 001E","Vehicle crime","Under investigation",""
"7b90d6fb0909da080c8c9388a17b2ccd1f145b0b240e7835f918ac84db6e0149","2026-02","fLrvQqOIz9do","fLrvQqOIz9do","-0.076145","51.512642","Ko7IzQHFPPRI","E01000005","City of London 001E","Violence and sexual offences","Investigation complete; no suspect identified",""
"2dda43ffaec2f8c16d5fa73616bc2cf896d7a610720ad0cfd456bf1214684e7f","2026-02","fLrvQqOIz9do","fLrvQqOIz9do","-0.076716","51.515178","6iwE88Ea6DNO","E01000005","City of London 001E","Violence and sexual offences","Under investigation",""
"36b7308c206b299489a4bedda44ed3e3b3fc50e0a30e263754a0120c181ad221","2026-02","fLrvQqOIz9do","fLrvQqOIz9do","-0.073456","51.513542","eCY6srbyJm8v","E01000005","City of London 001E","Violence and sexual offences","Under investigation",""
"981a6e2e437d1b7fc71ee6cf036f4f0c2338eb446294cb264a812c37cd4ca08c","2026-02","fLrvQqOIz9do","fLrvQqOIz9do","-0.078883","51.515385","7oBUjFOTww5g","E01000005","City of London 001E","Violence and sexual offences","Under investigation",""
"53778c1754db29ffcc57c9afca91544ec8836990e879d8ac1832e4af71cee2c5","2026-02","fLrvQqOIz9do","fLrvQqOIz9do","-0.075080","51.512625","rxdkikB/nb/t","E01000005","City of London 001E","Violence and sexual offences","Under investigation",""
"053ae417ef003d1efc96eb0583fe4cf7ec587b985925df9840a5667c95d6a3cc","2026-02","fLrvQqOIz9do","fLrvQqOIz9do","-0.076145","51.512642","Ko7IzQHFPPRI","E01000005","City of London 001E","Violence and sexual offences","Unable to prosecute suspect",""
"","2026-02","fLrvQqOIz9do","fLrvQqOIz9do","-0.079883","51.517326","AQJUM6v79PO+","E01032739","City of London 001F","Anti-social behaviour","",""
"","2026-02","fLrvQqOIz9do","fLrvQqOIz9do","-0.081113","51.516869","CH41hlAxajZp","E01032739","City of London 001F","Anti-social behaviour","",""
"","2026-02","fLrvQqOIz9do","fLrvQqOIz9do","-0.101475","51.511077","qmK0lwhwsyyk","E01032739","City of London 001F","Anti-social behaviour","",""
"","2026-02","fLrvQqOIz9do","fLrvQqOIz9do","-0.078477","51.509965","1LoruBLh+EWY","E01032739","City of London 001F","Anti-social behaviour","",""
"","2026-02","fLrvQqOIz9do","fLrvQqOIz9do","-0.091947","51.513188","F/D8DV6eOs8r","E01032739","City of London 001F","Anti-social behaviour","",""
"fd0adf623df9b266ea3632635aa1dc95a6b4c495c8994f6adf9489f99588242d","2026-02","fLrvQqOIz9do","fLrvQqOIz9do","-0.081902","51.517296","MlZHXg61uPKd","E01032739","City of London 001F","Bicycle theft","Investigation complete; no suspect identified",""
"0ca0cea9dedea222887a7a35c5357a1fa8f391e37e56052e9c18edf0f03abbe6","2026-02","fLrvQqOIz9do","fLrvQqOIz9do","-0.101906","51.511794","Tn3IHHKLBPz0","E01032739","City of London 001F","Bicycle theft","Under investigation",""
"f0e5c162e3476d5a1dcb85944f6449bd79480e3aa037851e01a43cb1b1f9a1c8","2026-02","fLrvQqOIz9do","fLrvQqOIz9do","-0.079883","51.517326","AQJUM6v79PO+","E01032739","City of London 001F","Bicycle theft","Awaiting court outcome",""
"5c1c6e0831b6499198d3461beebd5872ce919861b215fb6f72a5bea7e228b709","2026-02","fLrvQqOIz9do","fLrvQqOIz9do","-0.087157","51.512624","6YZPZPnj3KKK","E01032739","City of London 001F","Bicycle theft","Under investigation",""
"8acdc9c028f3057f60ce89496fc626b4791a25a29e1985526b64215b0837346f","2026-02","fLrvQqOIz9do","fLrvQqOIz9do","-0.091947","51.513188","F/D8DV6eOs8r","E01032739","City of London 001F","Bicycle theft","Under investigation",""
"a7a4884b6f2a54977897beaf7e2fd311dee29404f3bf2436a5c7a446914822fb","2026-02","fLrvQqOIz9do","fLrvQqOIz9do","-0.080291","51.514814","gh74KppoXhWl","E01032739","City of London 001F","Bicycle theft","Under investigation",""
"2ba92f99c576826cd773c5227b020390e533140f431db9bbae0a0a90a57abd65","2026-02","fLrvQqOIz9do","fLrvQqOIz9do","-0.094070","51.513079","1z7+/Jkq1rk1","E01032739","City of London 001F","Burglary","Unable to prosecute suspect",""
"cad00599814918613dc1ed7f2868e8d19f9528798e2fe12f35f69ef120ffcb0f","2026-02","fLrvQqOIz9do","fLrvQqOIz9do","-0.094070","51.513079","1z7+/Jkq1rk1","E01032739","City of London 001F","Burglary","Under investigation",""
"138ef62c5949abeaa52f2dbce1563ef50d378953aab5847dd1fb0f70a42ae7a4","2026-02","fLrvQqOIz9do","fLrvQqOIz9do","-0.086815","51.517007","MoKITRuLqSzo","E01032739","City of London 001F","Burglary","Under investigation",""
"fd2ccadf8f5bc1f903450915a62ef5baed8105a941c0d4a03a3a172ed30260ac","2026-02","fLrvQqOIz9do","fLrvQqOIz9do","-0.084836","51.511939","fzK/HvsYVthT","E01032739","City of London 001F","Burglary","Under investigation",""
"86a2862914c95a583d95dbde7513bb8a7d2b9efc55fc1bfd3b49d6c16e6232cb","2026-02","fLrvQqOIz9do","fLrvQqOIz9do","-0.086019","51.513631","cW1AWnntcpSD","E01032739","City of London 001F","Burglary","Unable to prosecute suspect",""
"88e4911481a5b68ce17d03c7b0d71b6e2911a0acee583882b3d894385c1c1d0e","2026-02","fLrvQqOIz9do","fLrvQqOIz9do","-0.097291","51.514626","R0V5P6N9Gx/1","E01032739","City of London 001F","Burglary","Under investigation",""
"c3bcc7d7f3d8147f1b5515d10cfc094b564342452a5fcf48443be4573828e40e","2026-02","fLrvQqOIz9do","fLrvQqOIz9do","-0.082993","51.516360","svK7BnUtYe+Q","E01032739","City of London 001F","Burglary","Under investigation",""
"9c5a3a5ddc55980d9051e9bc5bfacb2a9164abdb1d54def2a863616a414dd0e2","2026-02","fLrvQqOIz9do","fLrvQqOIz9do","-0.081643","51.510070","iB9VbCaLMFie","E01032739","City of London 001F","Burglary","Under investigation",""
"8ead402331300d94d4a95952a202b6ca8dc757e3ff7831d1126c7533f57f2b46","2026-02","fLrvQqOIz9do","fLrvQqOIz9do","-0.079127","51.509607","mFffIJNCqkF4","E01032739","City of London 001F","Burglary","Under investigation",""
"5be8f3028e11fc94d948c80db9e8c980935bc2900c3fae86130f5515dfdda615","2026-02","fLrvQqOIz9do","fLrvQqOIz9do","-0.078755","51.518440","rpGBkGFkIk2l","E01032739","City of London 001F","Burglary","Under investigation",""
"4270d020e1cb32bd01b1dcdd0611b1e724b38d8dd7a6c8d661d609fd535809e6","2026-02","fLrvQqOIz9do","fLrvQqOIz9do","-0.078937","51.514109","IEQVLr1pU3rN","E01032739","City of London 001F","Burglary","Under investigation",""
"3813a796cdafff259d3ae21a5d1f2271307836b07cb144ecae864a5bcc6f1c10","2026-02","fLrvQqOIz9do","fLrvQqOIz9do","-0.088456","51.514975","eTSLRXj7wqqD","E01032739","City of London 001F","Burglary","Under investigation",""
"df351bd3f834f9bd0a805731b4e37ce80362186b506d5db02bfb4b0b0323c607","2026-02","fLrvQqOIz9do","fLrvQqOIz9do","-0.083600","51.509797","+8lW+RYroZOg","E01032739","City of London 001F","Burglary","Under investigation",""
"9e7c7a0099e179d6c62a1b46198e0aeec1f12ce2bab978c8bb2e62c394639800","2026-02","fLrvQqOIz9do","fLrvQqOIz9do","-0.077959","51.511332","Xx1u9dOHmIgj","E01032739","City of London 001F","Burglary","Investigation complete; no suspect identified",""
"a7425cbd7672f2a90c3e1fbe3bb37ed2f1579290419adf5dff8cd6552b153813","2026-02","fLrvQqOIz9do","fLrvQqOIz9do","-0.078495","51.517770","l62VXu45RNJ4","E01032739","City of London 001F","Burglary","Under investigation",""
"d79a39793d0271653168e378357a7eb77a996ef10a55a6e71bd86d5d922bded0","2026-02","fLrvQqOIz9do","fLrvQqOIz9do","-0.089822","51.516103","OFUlqwyq+E9X","E01032739","City of London 001F","Burglary","Under investigation",""
"b76a5ca6eed5e6692bee569b268835d5f0ffccd6ffddc49b483cee4ee44b6eb7","2026-02","fLrvQqOIz9do","fLrvQqOIz9do","-0.089822","51.516103","OFUlqwyq+E9X","E01032739","City of London 001F","Burglary","Under investigation",""
"ca29fda4c5c9cf85f6fce77ac9d7909f4b50cfdc12e9e40cf543451bbe6ba522","2026-02","fLrvQqOIz9do","fLrvQqOIz9do","-0.095924","51.513882","fzK/HvsYVthT","E01032739","City of London 001F","Criminal damage and arson","Under investigation",""
"a9f8ebbddcd5aa303b08056dfcb74f58e35b56255ae7d76fec0c8efebc485ce1","2026-02","fLrvQqOIz9do","fLrvQqOIz9do","-0.077372","51.512590","awEUhKP9QDMb","E01032739","City of London 001F","Criminal damage and arson","Investigation complete; no suspect identified",""
"4eb9ee4fa35d9a4008cd9d61fa54be7ac67c0e76fa839e324d9405f3e90c3745","2026-02","fLrvQqOIz9do","fLrvQqOIz9do","-0.079521","51.511196","kIwi4X783cZ8","E01032739","City of London 001F","Criminal damage and arson","Under investigation",""
"23c1d965eca253e93d7a0a83012da22143d1dd7defdf4e0b6a04c94dcdc70680","2026-02","fLrvQqOIz9do","fLrvQqOIz9do","-0.083349","51.514830","fzK/HvsYVthT","E01032739","City of London 001F","Criminal damage and arson","Under investigation",""
"4bd2b4937cb9bb1316e94144db82f45784795721dcdf0581bd07f7cb1ca35da6","2026-02","fLrvQqOIz9do","fLrvQqOIz9do","-0.079196","51.513789","Q6Ae0GmEoc0v","E01032739","City of London 001F","Criminal damage and arson","Under investigation",""
"20073770bba5a968dbb31f492eeecc622121d814f806e4cff029d54e6c6de32b","2026-02","fLrvQqOIz9do","fLrvQqOIz9do","-0.095054","51.510559","2UyU7G+UVr4z","E01032739","City of London 001F","Criminal damage and arson","Under investigation",""
"fdb94ce9ee95c3ab025cc02113e6ce38cd1cd779424b48daded31dae052c29be","2026-02","fLrvQqOIz9do","fLrvQqOIz9do","-0.079196","51.513789","Q6Ae0GmEoc0v","E01032739","City of London 001F","Criminal damage and arson","Under investigation",""
"9cc296462262bbf852aa7aa7e80c76c9431aecb1f90e6a37497fbbc97e6381be","2026-02","fLrvQqOIz9do","fLrvQqOIz9do","-0.101589","51.513515","Y5QdLNnaa5Un","E01032739","City of London 001F","Criminal damage and arson","Under investigation",""
"7641ebba2c411c5b90692f07e23578c0e6fa8f9154ffa390896a97e8c8647fba","2026-02","fLrvQqOIz9do","fLrvQqOIz9do","-0.091540","51.511896","xXi1HTC9dEVp","E01032739","City of London 001F","Criminal damage and arson","Under investigation",""
"5741cfc82c5a2c242f670b6be267b8df1dc3df2b7d4e745e50bce419d878c7b1","2026-02","fLrvQqOIz9do","fLrvQqOIz9do","-0.101292","51.514770","xiJytzLUzDN4","E01032739","City of London 001F","Criminal damage and arson","Under investigation",""
"ec58ab1b1b9b22fa272d715a15868f7f75ea15a1f109d452822e7c60da1d63c6","2026-02","fLrvQqOIz9do","fLrvQqOIz9do","-0.101292","51.514770","xiJytzLUzDN4","E01032739","City of London 001F","Criminal damage and arson","Investigation complete; no suspect identified",""
"7de522ca0940bd4465682c197c7fbf0a845ff0ad0c95da7ec5115753a77e0214","2026-02","fLrvQqOIz9do","fLrvQqOIz9do","-0.077959","51.511332","Xx1u9dOHmIgj","E01032739","City of London 001F","Criminal damage and arson","Local resolution",""
"c637863cd80b7f3d14b676c886e55d6996a2ef07901ba7e5476466b4adc374b4","2026-02","fLrvQqOIz9do","fLrvQqOIz9do","-0.081973","51.515948","o78y9kdU59XX","E01032739","City of London 001F","Criminal damage and arson","Under investigation",""
"ddb7f8c8e69271fe9fbd09fa46414c16c0488f5be226eee7daf93b4e1e6850e4","2026-02","fLrvQqOIz9do","fLrvQqOIz9do","-0.102134","51.513929","CTwr6MzrHiTB","E01032739","City of London 001F","Drugs","Investigation complete; no suspect identified",""
"eaeb613f1bcdabb04bdeda76565e704c4e3334c91adc35e42f3cfe7d13bd70a1","2026-02","fLrvQqOIz9do","fLrvQqOIz9do","-0.089208","51.509744","ol5E6DulF/gF","E01032739","City of London 001F","Drugs","Investigation complete; no suspect identified",""
"d9ac560dbe11197cc781e8d97cca192dc33d110443c1bdace59f591a62b3c630","2026-02","fLrvQqOIz9do","fLrvQqOIz9do","-0.091540","51.511896","xXi1HTC9dEVp","E01032739","City of London 001F","Drugs","Under investigation",""
"3821313999daa292f0b422b5e925d35d13218c5d853374703a1724d4da75a944","2026-02","fLrvQqOIz9do","fLrvQqOIz9do","-0.091540","51.511896","xXi1HTC9dEVp","E01032739","City of London 001F","Drugs","Under investigation",""
"6e4ba0e0cf39e8f9ce3333261ea179eb11bbaf8f2f13e1293be29634efb399e2","2026-02","fLrvQqOIz9do","fLrvQqOIz9do","-0.104276","51.513712","j4PeMUhtWtkm","E01032739","City of London 001F","Drugs","Under investigation",""
"217b4f4421be9dc1668f9cab6a792273541978f920c9e335b99f305a97a22b27","2026-02","fLrvQqOIz9do","fLrvQqOIz9do","-0.081113","51.516869","CH41hlAxajZp","E01032739","City of London 001F","Drugs","Awaiting court outcome",""
"fb5655c3a5feebf37fc40d7dffbee4c8fb7d6571e00fe51123e810acd4c88c56","2026-02","fLrvQqOIz9do","fLrvQqOIz9do","-0.087157","51.512624","6YZPZPnj3KKK","E01032739","City of London 001F","Drugs","Under investigation",""
"7c103ce96b02725e2ff6c066870b5d60f4e0fc7ad57256fab94bcedfdc9e6333","2026-02","fLrvQqOIz9do","fLrvQqOIz9do","-0.088456","51.514975","eTSLRXj7wqqD","E01032739","City of London 001F","Drugs","Under investigation",""
"fa931d58668261b2ee00b18ce604514bf8af8e8db97a94917dd21e26d48a453c","2026-02","fLrvQqOIz9do","fLrvQqOIz9do","-0.079521","51.511196","kIwi4X783cZ8","E01032739","City of London 001F","Drugs","Under investigation",""
"f00ba9ef82b2d8d649e431fa4f6c4e72668d4cf074ac4d2a74780456992a4a61","2026-02","fLrvQqOIz9do","fLrvQqOIz9do","-0.083349","51.514830","fzK/HvsYVthT","E01032739","City of London 001F","Drugs","Under investigation",""
"cff07907d9e678a5d84c8661f42e19a93678c482533181b5a28fe51cec22e854","2026-02","fLrvQqOIz9do","fLrvQqOIz9do","-0.091947","51.513188","F/D8DV6eOs8r","E01032739","City of London 001F","Drugs","Under investigation",""
"56af30f2ee40253a5514006a507bb5275137d9885f6e0682b324a5ef2788c100","2026-02","fLrvQqOIz9do","fLrvQqOIz9do","-0.094070","51.513079","1z7+/Jkq1rk1","E01032739","City of London 001F","Drugs","Under investigation",""
"e1759f1136624daad92497fb0e3ea9d630a4beb6f7c524a5ea9268655dabf360","2026-02","fLrvQqOIz9do","fLrvQqOIz9do","-0.087157","51.512624","6YZPZPnj3KKK","E01032739","City of London 001F","Drugs","Under investigation",""
"f99334ce38ab5a053159992eba483961d6385581fc5d0767c64e94da433aba7f","2026-02","fLrvQqOIz9do","fLrvQqOIz9do","-0.092633","51.509872","rWrQgl20+d7X","E01032739","City of London 001F","Drugs","Under investigation",""
"7a612f5bf8b7300b5b32969fd988ee59db55eb8134557cd57182a7ceac9ac6d8","2026-02","fLrvQqOIz9do","fLrvQqOIz9do","-0.091540","51.511896","xXi1HTC9dEVp","E01032739","City of London 001F","Drugs","Under investigation",""
"77daa5bf8969aae662eaa0cf0fb54f73431a17b02c4732aa4ee054f09ba85d85","2026-02","fLrvQqOIz9do","fLrvQqOIz9do","-0.089808","51.517461","G9vZvMLqOLrW","E01032739","City of London 001F","Drugs","Investigation complete; no suspect identified",""
"28ca0c73d39c3625c38e85805764e49473fd2dce2ed92b6e7dc3b2f9d42cfcaa","2026-02","fLrvQqOIz9do","fLrvQqOIz9do","-0.086815","51.517007","MoKITRuLqSzo","E01032739","City of London 001F","Drugs","Investigation complete; no suspect identified",""
"7a4a1edc0a6d67936e2e05e2c34c84d33743f78db04d641f9834b38e29c50b14","2026-02","fLrvQqOIz9do","fLrvQqOIz9do","-0.088456","51.514975","eTSLRXj7wqqD","E01032739","City of London 001F","Drugs","Investigation complete; no suspect identified",""
"56c43665cbff2cfa130f117809c89937b071fd14f4ca514802fb2f7d040b4e9d","2026-02","fLrvQqOIz9do","fLrvQqOIz9do","-0.086815","51.517007","MoKITRuLqSzo","E01032739","City of London 001F","Drugs","Investigation complete; no suspect identified",""
"c96bb87ac330582afc0820e3abc90b20aafb2f5cd78df248d378ce325e0be388","2026-02","fLrvQqOIz9do","fLrvQqOIz9do","-0.088303","51.510728","m+eW8qM1maOK","E01032739","City of London 001F","Drugs","Investigation complete; no suspect identified",""
"67f6be9122a11ec74069275bdb22d5636691bf45e82c602be694e40342467881","2026-02","fLrvQqOIz9do","fLrvQqOIz9do","-0.091823","51.514427","hZALazysJVvQ","E01032739","City of London 001F","Drugs","Investigation complete; no suspect identified",""
"45e000d29bc0ffb8ef74affba27fc6997f6e6f74547541d3816378131c590aca","2026-02","fLrvQqOIz9do","fLrvQqOIz9do","-0.097291","51.514626","R0V5P6N9Gx/1","E01032739","City of London 001F","Drugs","Investigation complete; no suspect identified",""
"ecfa907f48493001468631d1c56e81fc881448c3b290f18256f9ef24159793e7","2026-02","fLrvQqOIz9do","fLrvQqOIz9do","-0.088456","51.514975","eTSLRXj7wqqD","E01032739","City of London 001F","Drugs","Investigation complete; no suspect identified",""
"6eeb619bf2461f313738dcdc3bea2ba00a0e767ebc569f782396a755dd198a1f","2026-02","fLrvQqOIz9do","fLrvQqOIz9do","-0.082993","51.516360","svK7BnUtYe+Q","E01032739","City of London 001F","Drugs","Investigation complete; no suspect identified",""
"7b59b3bf156a593016bcf1f7768c44608edcd63dc32abd0c67560bb5307e2f7a","2026-02","fLrvQqOIz9do","fLrvQqOIz9do","-0.091823","51.514427","hZALazysJVvQ","E01032739","City of London 001F","Drugs","Investigation complete; no suspect identified",""
"54472135879d48212f01101619271167d427bc3b20b04134f9d21a5c2ca8dd86","2026-02","fLrvQqOIz9do","fLrvQqOIz9do","-0.095764","51.512549","Ko6fYxJRo7IA","E01032739","City of London 001F","Drugs","Investigation complete; no suspect identified",""
"c2958855616b14a54abb720201b24c0ec7861d1639cb9d957462541bb696d159","2026-02","fLrvQqOIz9do","fLrvQqOIz9do","-0.100888","51.514448","05L1EHupv/A9","E01032739","City of London 001F","Drugs","Investigation complete; no suspect identified",""
"5c77e2ca1cdab5d11b269859a1ef5cb7345d101a4840a17a667f3a9ab3f7f331","2026-02","fLrvQqOIz9do","fLrvQqOIz9do","-0.080448","51.520689","HjQFdtbrLWJJ","E01032739","City of London 001F","Drugs","Investigation complete; no suspect identified",""
"36660a5b46f6cc2cfc49c790670e36966b98d2d3d8b97fe6ca8e0340b5b8d601","2026-02","fLrvQqOIz9do","fLrvQqOIz9do","-0.085089","51.512105","8wnWaGjoIcFf","E01032739","City of London 001F","Drugs","Investigation complete; no suspect identified",""
"f6df1f6788b99d5e84933e10219ffe97888b7971e12779d7a097be0dc477974f","2026-02","fLrvQqOIz9do","fLrvQqOIz9do","-0.080448","51.520689","HjQFdtbrLWJJ","E01032739","City of London 001F","Drugs","Investigation complete; no suspect identified",""
"a58b1ab86a3a09b58a909a8fb52b6ab28394f62f2d0f910b086923974449a7b4","2026-02","fLrvQqOIz9do","fLrvQqOIz9do","-0.081902","51.517296","MlZHXg61uPKd","E01032739","City of London 001F","Drugs","Investigation complete; no suspect identified",""
"4802177af148d4b145686dbce25d0275bba0ad2aa192d867140aa8b761513d9e","2026-02","fLrvQqOIz9do","fLrvQqOIz9do","-0.081091","51.508820","Z7OTW2e1tEq1","E01032739","City of London 001F","Drugs","Investigation complete; no suspect identified",""
"b8231d1d574b0e8d426023f0a08e132151f69c9fca849c6a21ee4064a25c2e91","2026-02","fLrvQqOIz9do","fLrvQqOIz9do","-0.088456","51.514975","eTSLRXj7wqqD","E01032739","City of London 001F","Drugs","Investigation complete; no suspect identified",""
"879e101f54451b7176d7fc2743237ca910dd223bfc849fcb3aebbad6bfb0e013","2026-02","fLrvQqOIz9do","fLrvQqOIz9do","-0.084559","51.510316","TRUiP6GS7+aN","E01032739","City of London 001F","Drugs","Investigation complete; no suspect identified",""
"5abf5dd42ec86ec4046fa39d12589f2a44e2f7c7190baaba6bb4e4ab8976e21d","2026-02","fLrvQqOIz9do","fLrvQqOIz9do","-0.084754","51.512882","2eP832Hq9waE","E01032739","City of London 001F","Drugs","Awaiting court outcome",""
"956150887fcc71488011a9b764a44c2ee1f3665e59d7f2beb037dd02cbc677e1","2026-02","fLrvQqOIz9do","fLrvQqOIz9do","-0.086815","51.517007","MoKITRuLqSzo","E01032739","City of London 001F","Drugs","Investigation complete; no suspect identified",""
"9c471a87f60bb332730bc07927e11a8dad50b0463eb3f60ec7facb1bc1e791b6","2026-02","fLrvQqOIz9do","fLrvQqOIz9do","-0.090798","51.510328","Xfo3io9t7yaw","E01032739","City of London 001F","Drugs","Investigation complete; no suspect identified",""
"0436c480e8f8e80bac8c886a9b5bcf6c36777884bcafa3e9533ee32446561036","2026-02","fLrvQqOIz9do","fLrvQqOIz9do","-0.088456","51.514975","eTSLRXj7wqqD","E01032739","City of London 001F","Drugs","Investigation complete; no suspect identified",""
"bd8cd0cb2bbeb2405a9afd544c4a2a9ebd8ba54aab42c57d9ec9f36c890f0019","2026-02","fLrvQqOIz9do","fLrvQqOIz9do","-0.102732","51.513426","t14ezZqi8Qw6","E01032739","City of London 001F","Drugs","Investigation complete; no suspect identified",""
"73b1635ab11d01c04574644aac45b4718e9f7caffb644d50b275c67297e8553d","2026-02","fLrvQqOIz9do","fLrvQqOIz9do","-0.085228","51.511190","l9RL4ah6siaK","E01032739","City of London 001F","Drugs","Investigation complete; no suspect identified",""
"e74276f7665a45fe92d5d0f1d956d94c52b095826a7e42db9119d97b5a6b6006","2026-02","fLrvQqOIz9do","fLrvQqOIz9do","-0.091410","51.510167","7Wva9uD4pzXq","E01032739","City of London 001F","Other theft","Under investigation",""
"bbe9103cf220bf72aa89e93296a5130eee33629ccd693d2f6fd59a713abcd193","2026-02","fLrvQqOIz9do","fLrvQqOIz9do","-0.086019","51.513631","cW1AWnntcpSD","E01032739","City of London 001F","Other theft","Under investigation",""
"5d20b260b22f0b0c6583538682a0a61ad7f9144617bc6062c51c34d2c3ce8a41","2026-02","fLrvQqOIz9do","fLrvQqOIz9do","-0.079907","51.517785","AqEic1Ve0RZS","E01032739","City of London 001F","Other theft","Investigation complete; no suspect identified",""
"d7ac63ada6359618e61a2d8130fc81a5e6c48e560f9d50d76bd7dca4ba788fa1","2026-02","fLrvQqOIz9do","fLrvQqOIz9do","-0.084844","51.510725","5CMQagL2W7dM","E01032739","City of London 001F","Other theft","Under investigation",""
"5f57a0b3675bea0e1ec9864623e56aeb80885fa4bde0676110379a48f0b7d0ba","2026-02","fLrvQqOIz9do","fLrvQqOIz9do","-0.080448","51.520689","HjQFdtbrLWJJ","E01032739","City of London 001F","Other theft","Under investigation",""
"ef4a11f7a4f49e4079f10b3fb6e0669ba7c5eb33da222d08edbe549b265d1895","2026-02","fLrvQqOIz9do","fLrvQqOIz9do","-0.077070","51.510877","2iHwF37U9jLg","E01032739","City of London 001F","Other theft","Under investigation",""
"93da46104a13431c20fe2291c67ceae9363775c46ad2e62b4c8a8e5978730dfb","2026-02","fLrvQqOIz9do","fLrvQqOIz9do","-0.079907","51.517785","AqEic1Ve0RZS","E01032739","City of London 001F","Other theft","Under investigation",""
"f2be737164f8e834838737fec093ec77c7a1ca52e0a9d6ddd5776f1e13bd3872","2026-02","fLrvQqOIz9do","fLrvQqOIz9do","-0.079521","51.511196","kIwi4X783cZ8","E01032739","City of London 001F","Other theft","Investigation complete; no suspect identified",""
"498d7b02fe13681bd48938f6c17eb0b95a2ff6b8cf0230acf9cbb5cbfcd8559e","2026-02","fLrvQqOIz9do","fLrvQqOIz9do","-0.084844","51.509700","fWbrtW3aw24J","E01032739","City of London 001F","Other theft","Under investigation",""
"f4790c14ad728c7fcf98e78bc12d947481202e08b4837bce2ac83a18e01609b6","2026-02","fLrvQqOIz9do","fLrvQqOIz9do","-0.084754","51.512882","2eP832Hq9waE","E01032739","City of London 001F","Other theft","Investigation complete; no suspect identified",""
"d80eefeb2d30a9a9594ae44e9d943b42bbd9133231b309b0c478aea9d1b4526e","2026-02","fLrvQqOIz9do","fLrvQqOIz9do","-0.089479","51.510864","kY268mUJnkJG","E01032739","City of London 001F","Other theft","Under investigation",""
"214be4ba26b6c3258feeed2498a2684a8069800d642197c43d65b8899f1cc7ad","2026-02","fLrvQqOIz9do","fLrvQqOIz9do","-0.081902","51.517296","MlZHXg61uPKd","E01032739","City of London 001F","Other theft","Local resolution",""
"cfff1cb191bb56062fe4f180238ffd9763619536556bbb65fa80cd7655cd2a95","2026-02","fLrvQqOIz9do","fLrvQqOIz9do","-0.085228","51.511190","l9RL4ah6siaK","E01032739","City of London 001F","Other theft","Under investigation",""
"c4275e70d57d284047b728ee5f05d37448644a28ae14fcf8f5eaea8411be0652","2026-02","fLrvQqOIz9do","fLrvQqOIz9do","-0.085228","51.511190","l9RL4ah6siaK","E01032739","City of London 001F","Other theft","Investigation complete; no suspect identified",""
"e6e0af63e9df19e33292196e149c7d9c83dd83e1fed87f0d8558be5df1b7e09c","2026-02","fLrvQqOIz9do","fLrvQqOIz9do","-0.091540","51.511896","xXi1HTC9dEVp","E01032739","City of London 001F","Other theft","Unable to prosecute suspect",""
"074bc06f83721d68b5e025182453e499fd0652a23826333547d4372c6d790999","2026-02","fLrvQqOIz9do","fLrvQqOIz9do","-0.086019","51.513631","cW1AWnntcpSD","E01032739","City of London 001F","Other theft","Under investigation",""
"feb7cd995851b6f7461271e7705458840ea15cf0385fe36fdad499c7d637d168","2026-02","fLrvQqOIz9do","fLrvQqOIz9do","-0.077372","51.512590","awEUhKP9QDMb","E01032739","City of London 001F","Other theft","Under investigation",""
"f84c056e83977ed817c45645bdaf0ac6bd01a7c7659ed05fe6e48bdb2bf23ebd","2026-02","fLrvQqOIz9do","fLrvQqOIz9do","-0.086019","51.513631","cW1AWnntcpSD","E01032739","City of London 001F","Other theft","Investigation complete; no suspect identified",""
"e54648c476fd2087ca7f0a5ab6b3be549b979036c5f6ae4d74b0f35eb6cd289b","2026-02","fLrvQqOIz9do","fLrvQqOIz9do","-0.077959","51.511332","Xx1u9dOHmIgj","E01032739","City of London 001F","Other theft","Under investigation",""
"0f620da3aabe7f79c81c49ba7ecf46f5d741fb128950ee4e92d027d1662359cf","2026-02","fLrvQqOIz9do","fLrvQqOIz9do","-0.079127","51.509607","mFffIJNCqkF4","E01032739","City of London 001F","Other theft","Under investigation",""
"2c7ae7ab19060fcd73fa0d7d00ceb700667302df551404c0c4a23ffa6c967cc9","2026-02","fLrvQqOIz9do","fLrvQqOIz9do","-0.084836","51.511939","fzK/HvsYVthT","E01032739","City of London 001F","Other theft","Investigation complete; no suspect identified",""
"cfec4adad1ef4a77a3e817cacb6c1cdcd187549053ded22373c0335376be857c","2026-02","fLrvQqOIz9do","fLrvQqOIz9do","-0.085228","51.511190","l9RL4ah6siaK","E01032739","City of London 001F","Other theft","Under investigation",""
"f3234b6edf73bd33de6083ab85c07fd7c8cb48985c877a112fdce0148f708ed6","2026-02","fLrvQqOIz9do","fLrvQqOIz9do","-0.079138","51.508312","pWkSVZaLIeyE","E01032739","City of London 001F","Other theft","Investigation complete; no suspect identified",""
"b9bbe23a5afd075be926b7eb4127fd9fe8569106a223add3b7d95d78476f9186","2026-02","fLrvQqOIz9do","fLrvQqOIz9do","-0.079907","51.517785","AqEic1Ve0RZS","E01032739","City of London 001F","Other theft","Under investigation",""
"7f112907d3dc09c55241ace08c80c207ba2939db5d92cfcef4b7d07e28193197","2026-02","fLrvQqOIz9do","fLrvQqOIz9do","-0.084836","51.511939","fzK/HvsYVthT","E01032739","City of London 001F","Other theft","Investigation complete; no suspect identified",""
"b4a54f4a02bb43686cdb0d3d6f911c0924c9dea8a7a90604a16e395cab72f8d0","2026-02","fLrvQqOIz9do","fLrvQqOIz9do","-0.091410","51.510167","7Wva9uD4pzXq","E01032739","City of London 001F","Other theft","Under investigation",""
"c40aeed1a88cd87d4d7b3b3bf808ee1e8b504a99910586219c9f98d00adaae1f","2026-02","fLrvQqOIz9do","fLrvQqOIz9do","-0.101963","51.510761","OsH1FFXoarRe","E01032739","City of London 001F","Other theft","Under investigation",""
"72ec473ccdff6f226291fefbf45107cef80fdd9e35f530dfb5f0c24c10da48f7","2026-02","fLrvQqOIz9do","fLrvQqOIz9do","-0.094070","51.513079","1z7+/Jkq1rk1","E01032739","City of London 001F","Other theft","Investigation complete; no suspect identified",""
"0c3cfc40bb2288233c167175c26ac997998c09f9ddb2f8cf9ba32935ec74621d","2026-02","fLrvQqOIz9do","fLrvQqOIz9do","-0.095764","51.512549","Ko6fYxJRo7IA","E01032739","City of London 001F","Other theft","Investigation complete; no suspect identified",""
"e1fea13d3f405ca080fd9b1f481924f733c7dcea492b831250b476b3abcdcfbb","2026-02","fLrvQqOIz9do","fLrvQqOIz9do","-0.078755","51.518440","rpGBkGFkIk2l","E01032739","City of London 001F","Other theft","Under investigation",""
"a36a994c1aeb88297ecbb08c48848b196d22cdc13cf20d11ef15a399fd5f78f8","2026-02","fLrvQqOIz9do","fLrvQqOIz9do","-0.084754","51.512882","2eP832Hq9waE","E01032739","City of London 001F","Other theft","Investigation complete; no suspect identified",""
"695dbff2fb90361c3cfbd4966caba992dfcba9bdfd8b5ec010d2c3a89f792351","2026-02","fLrvQqOIz9do","fLrvQqOIz9do","-0.083349","51.514830","fzK/HvsYVthT","E01032739","City of London 001F","Other theft","Investigation complete; no suspect identified",""
"43047703ffe114a6b24d6466b85fdd04642d587ccee6a49d1f649255a2fe5676","2026-02","fLrvQqOIz9do","fLrvQqOIz9do","-0.081902","51.517296","MlZHXg61uPKd","E01032739","City of London 001F","Other theft","Under investigation",""
"1b5f23c5413bd24c2a3279d17295f81c96d948da673923c7176a4ea1c4fe6fc9","2026-02","fLrvQqOIz9do","fLrvQqOIz9do","-0.081113","51.516869","CH41hlAxajZp","E01032739","City of London 001F","Other theft","Investigation complete; no suspect identified",""
"572f5bbec001dfc098f8ba7d0f945b5c5ffe0990743e714954a5e4b10115e614","2026-02","fLrvQqOIz9do","fLrvQqOIz9do","-0.100201","51.513286","B/kFemdwZxqG","E01032739","City of London 001F","Other theft","Investigation complete; no suspect identified",""
"7f91a38b5269806a1f586297642694c2b5d67b1e8f0c3d46761cc4420ddad56d","2026-02","fLrvQqOIz9do","fLrvQqOIz9do","-0.089208","51.509744","ol5E6DulF/gF","E01032739","City of London 001F","Other theft","Under investigation",""
"a6063c84587eb90c250535d2ffa6750011af79c03d803840bb4aecfaa27bfdaf","2026-02","fLrvQqOIz9do","fLrvQqOIz9do","-0.091947","51.513188","F/D8DV6eOs8r","E01032739","City of London 001F","Other theft","Under investigation",""
"0cd65da99f1c060474f8f758dc0149c929b19f105c9cb1043e3b36b7bc74f9d4","2026-02","fLrvQqOIz9do","fLrvQqOIz9do","-0.077070","51.510877","2iHwF37U9jLg","E01032739","City of London 001F","Other theft","Under investigation",""
"56cdda3862d2c07a141b591a989fd3a090bab5cbf958a7fc816402ae23a0c602","2026-02","fLrvQqOIz9do","fLrvQqOIz9do","-0.084910","51.512588","OfbZxRdt/52K","E01032739","City of London 001F","Other theft","Under investigation",""
"234ecb88c20b9379b132cf5162f3da5943ef32006c21bc2d096d5f252774b4ef","2026-02","fLrvQqOIz9do","fLrvQqOIz9do","-0.091823","51.514427","hZALazysJVvQ","E01032739","City of London 001F","Other theft","Under investigation",""
"75d80aa81a81fc4c203b6431bca27384ea2bfad6ba75937130a827d076fbcbad","2026-02","fLrvQqOIz9do","fLrvQqOIz9do","-0.094070","51.513079","1z7+/Jkq1rk1","E01032739","City of London 001F","Other theft","Under investigation",""
"63e77cefdecf6992f7dce0a5d77aa98306396db4c1f7d2e3f4d449d9b0c5763d","2026-02","fLrvQqOIz9do","fLrvQqOIz9do","-0.100201","51.513286","B/kFemdwZxqG","E01032739","City of London 001F","Other theft","Unable to prosecute suspect",""
"91086f4f1f21b972fa13460f1b47eab1c421b8e24f57f7d983d22ff130cad75b","2026-02","fLrvQqOIz9do","fLrvQqOIz9do","-0.079138","51.508312","pWkSVZaLIeyE","E01032739","City of London 001F","Other theft","Under investigation",""
"5c7dfc75a40638c960f908e1cb3991dada9f17179e7c546d156cfee82bf8be36","2026-02","fLrvQqOIz9do","fLrvQqOIz9do","-0.081643","51.510070","iB9VbCaLMFie","E01032739","City of London 001F","Other theft","Investigation complete; no suspect identified",""
"f05cd1584a668d5cc2056a40110a1b65522656517544653d4484163eefd00246","2026-02","fLrvQqOIz9do","fLrvQqOIz9do","-0.078477","51.509965","1LoruBLh+EWY","E01032739","City of London 001F","Other theft","Investigation complete; no suspect identified",""
"9bd2704ffd7220dade08e52acf2b5e9af4a0bb9fd5af51e065744a95673413ca","2026-02","fLrvQqOIz9do","fLrvQqOIz9do","-0.084844","51.509700","fWbrtW3aw24J","E01032739","City of London 001F","Other theft","Investigation complete; no suspect identified",""
"928fb1716f58a8657dcfcd3497bdf637a106e49e1d9c8919a8bd04cf0f37fe62","2026-02","fLrvQqOIz9do","fLrvQqOIz9do","-0.081643","51.510070","iB9VbCaLMFie","E01032739","City of London 001F","Other theft","Under investigation",""
"dd2273f14bf5de1a851bf23e516b940a2f7fd540732943555146fdd8f513ca2f","2026-02","fLrvQqOIz9do","fLrvQqOIz9do","-0.077070","51.510877","2iHwF37U9jLg","E01032739","City of London 001F","Other theft","Under investigation",""
"ad39339da47841a8da55a58d68c108e14063bb1b3c6e2550d2ebdb3792eb6d02","2026-02","fLrvQqOIz9do","fLrvQqOIz9do","-0.084910","51.512588","OfbZxRdt/52K","E01032739","City of London 001F","Other theft","Investigation complete; no suspect identified",""
"d782841d80eb4fe89ad0e9b271620b2ae41c30bb5a20b187ce74608e1357cf94","2026-02","fLrvQqOIz9do","fLrvQqOIz9do","-0.100201","51.513286","B/kFemdwZxqG","E01032739","City of London 001F","Other theft","Investigation complete; no suspect identified",""
"09e7782b1a3086968ecc19fcb15be52c07a54ff807aa71cd4c803f38e19a01fe","2026-02","fLrvQqOIz9do","fLrvQqOIz9do","-0.086019","51.513631","cW1AWnntcpSD","E01032739","City of London 001F","Other theft","Under investigation",""
"e53bcc0feaefe475f98d7aaafd72452bde7ebb011c7f40e6f92850cb2a3998c6","2026-02","fLrvQqOIz9do","fLrvQqOIz9do","-0.085228","51.511190","l9RL4ah6siaK","E01032739","City of London 001F","Other theft","Under investigation",""
"ccd8842913205c02d067055dfc8cb79b741aea4096b00168312468d4cf4bf59a","2026-02","fLrvQqOIz9do","fLrvQqOIz9do","-0.081113","51.516869","CH41hlAxajZp","E01032739","City of London 001F","Other theft","Under investigation",""
"37c35b0a65df5a7fd67569657cd03df5e76a33eb3f2c4a8b8b60e0a5b8aeeb1a","2026-02","fLrvQqOIz9do","fLrvQqOIz9do","-0.085228","51.511190","l9RL4ah6siaK","E01032739","City of London 001F","Other theft","Under investigation",""
"d0d526d6eae3481ba9c4e612be22d4543ee04a320e412b403c3ce66ee1060383","2026-02","fLrvQqOIz9do","fLrvQqOIz9do","-0.088785","51.517102","jLx3Ie2n+1jk","E01032739","City of London 001F","Other theft","Under investigation",""
"ec593ac38d27b9321b1d2a36063da4d5df2179d276f80fe18d2a55bb6e2b7760","2026-02","fLrvQqOIz9do","fLrvQqOIz9do","-0.081902","51.517296","MlZHXg61uPKd","E01032739","City of London 001F","Other theft","Investigation complete; no suspect identified",""
"c7c39945194ce23f560ea8cafa60a8de0de6ae460c5f729e65b6aa64710b97ae","2026-02","fLrvQqOIz9do","fLrvQqOIz9do","-0.094460","51.512024","i9jpIXLtZq7y","E01032739","City of London 001F","Other theft","Investigation complete; no suspect identified",""
"ad5c0c8706a84dff69a613ff9bf7b6cf3ada33e718c1a7b1fdec2faad5c8d727","2026-02","fLrvQqOIz9do","fLrvQqOIz9do","-0.081643","51.510070","iB9VbCaLMFie","E01032739","City of London 001F","Other theft","Under investigation",""
"fbc8867d866506c2a794e2b02ded48e80597a81571a8e89d11ef895409ceb0ba","2026-02","fLrvQqOIz9do","fLrvQqOIz9do","-0.082133","51.515222","oauaD439CFOb","E01032739","City of London 001F","Other theft","Under investigation",""
"6e460ea7b76100fbe831bfbb5ea99e6aec0a5ead7a58585e4a448954b10666ec","2026-02","fLrvQqOIz9do","fLrvQqOIz9do","-0.092531","51.512658","V/FWZ3wf/u33","E01032739","City of London 001F","Other theft","Investigation complete; no suspect identified",""
"295d15d7c776a7a3cc703291135b8c12d716ef37a0b24c40ea058c0e1e17d2b9","2026-02","fLrvQqOIz9do","fLrvQqOIz9do","-0.088456","51.514975","eTSLRXj7wqqD","E01032739","City of London 001F","Other theft","Investigation complete; no suspect identified",""
"8ac93c2389763e5bd8faeaeb22aea939fb0e48ad146a18264642e8a6c659f2e9","2026-02","fLrvQqOIz9do","fLrvQqOIz9do","-0.079127","51.509607","mFffIJNCqkF4","E01032739","City of London 001F","Other theft","Under investigation",""
"ecb895ac85d014e833255b052413d2e930540d735297d761d37e78b705826912","2026-02","fLrvQqOIz9do","fLrvQqOIz9do","-0.084754","51.512882","2eP832Hq9waE","E01032739","City of London 001F","Other theft","Under investigation",""
"e3f5a576f20f725893ad8b7dd370c80ccc556873cda877f0e370309bd3140961","2026-02","fLrvQqOIz9do","fLrvQqOIz9do","-0.092633","51.509872","rWrQgl20+d7X","E01032739","City of London 001F","Other theft","Under investigation",""
"020ca7fdb7d9ad3a306b3ea18bec3ba24c23e008c87799c6cbd7cf8ca0a99c00","2026-02","fLrvQqOIz9do","fLrvQqOIz9do","-0.087772","51.510665","6og4MamycvXx","E01032739","City of London 001F","Other theft","Investigation complete; no suspect identified",""
"fb9759f60e6b3bd7593cebef080dcfb92c094a2de7e26c79ded4a9c1df864a61","2026-02","fLrvQqOIz9do","fLrvQqOIz9do","-0.102134","51.513929","CTwr6MzrHiTB","E01032739","City of London 001F","Other theft","Unable to prosecute suspect",""
"538103573fbc5ae68d015001083c8123d668e9e9eca03d09704e0a2fdb83354b","2026-02","fLrvQqOIz9do","fLrvQqOIz9do","-0.081512","51.518692","wSjScPkT76e5","E01032739","City of London 001F","Other theft","Investigation complete; no suspect identified",""
"6cf0082409e0477e319e23df48c9f8a507eb9c2cb9721192af4bac3b5bd006cd","2026-02","fLrvQqOIz9do","fLrvQqOIz9do","-0.077804","51.518083","IS/7aSOf4bCH","E01032739","City of London 001F","Other theft","Under investigation",""
"f53b35ce8928bae8fba29ba48320ec10aea78b0fc0c549e723193fcac9552a1b","2026-02","fLrvQqOIz9do","fLrvQqOIz9do","-0.084754","51.512882","2eP832Hq9waE","E01032739","City of London 001F","Other theft","Investigation complete; no suspect identified",""
"741bb16057bc011fea79196066fab60ffe1ab0402783ce43de9e55df3ff0fa71","2026-02","fLrvQqOIz9do","fLrvQqOIz9do","-0.094070","51.513079","1z7+/Jkq1rk1","E01032739","City of London 001F","Other theft","Investigation complete; no suspect identified",""
"71b4648690b0189ffe9a3d0d7543e6cc688302a0928b5d1731ef7b002c3f110d","2026-02","fLrvQqOIz9do","fLrvQqOIz9do","-0.084754","51.512882","2eP832Hq9waE","E01032739","City of London 001F","Other theft","Investigation complete; no suspect identified",""
"1d11a4a86b020f516c24fecb63bbf31bfd86b06abfbfff9ff71663f8b25fcf1e","2026-02","fLrvQqOIz9do","fLrvQqOIz9do","-0.101589","51.513515","Y5QdLNnaa5Un","E01032739","City of London 001F","Other theft","Under investigation",""
"fe19189b1ebbb1ec135a1ccda03272af14a6e34321734a14da5a726e32f5d6a8","2026-02","fLrvQqOIz9do","fLrvQqOIz9do","-0.077959","51.511332","Xx1u9dOHmIgj","E01032739","City of London 001F","Other theft","Under investigation",""
"6c702843882a0138c20c33110edb84216e10a5c1f5dc6d87a9910871e2dfd956","2026-02","fLrvQqOIz9do","fLrvQqOIz9do","-0.089208","51.509744","ol5E6DulF/gF","E01032739","City of London 001F","Other theft","Under investigation",""
"91672f95bdd1d104f66801d3035aa7eea6f98c6d2cf78d903a4a8f5a81b532ad","2026-02","fLrvQqOIz9do","fLrvQqOIz9do","-0.091823","51.514427","hZALazysJVvQ","E01032739","City of London 001F","Other theft","Investigation complete; no suspect identified",""
"b817098feaaa5c6185635cb45b67280d028e36de4c9e315586821d83cce560b3","2026-02","fLrvQqOIz9do","fLrvQqOIz9do","-0.085228","51.511190","l9RL4ah6siaK","E01032739","City of London 001F","Other theft","Under investigation",""
"598b624f586b85dafa9e722187966d6f25f9229cc85c18a877fb5b3b86eeb0c6","2026-02","fLrvQqOIz9do","fLrvQqOIz9do","-0.085228","51.511190","l9RL4ah6siaK","E01032739","City of London 001F","Other theft","Investigation complete; no suspect identified",""
"18031777e42aa370a1a4500099ab7e9a5006f4927a7c2ed3d8855d37054456b6","2026-02","fLrvQqOIz9do","fLrvQqOIz9do","-0.086019","51.513631","cW1AWnntcpSD","E01032739","City of London 001F","Other theft","Under investigation",""
"21d0f3566f7d7ce8edbc81d41e11a80f1f234e400c8c4712e3dd40b9ab71c3f5","2026-02","fLrvQqOIz9do","fLrvQqOIz9do","-0.078424","51.518093","/y8mYHoAQTLI","E01032739","City of London 001F","Other theft","Under investigation",""
"1a808fb72fe7ca1fd42b402de0b660ce2c921a794ef175c81afc21c36e3fb7b8","2026-02","fLrvQqOIz9do","fLrvQqOIz9do","-0.077372","51.512590","awEUhKP9QDMb","E01032739","City of London 001F","Other theft","Under investigation",""
"def859ece2ed5b156ecc11631b5f192ffefa5b160810158e8c33ad2cd6731698","2026-02","fLrvQqOIz9do","fLrvQqOIz9do","-0.091947","51.513188","F/D8DV6eOs8r","E01032739","City of London 001F","Other theft","Investigation complete; no suspect identified",""
"2de8cf743295dcf3caa55592826276d4a4e7d1559b3fd32fb70447762daea5b3","2026-02","fLrvQqOIz9do","fLrvQqOIz9do","-0.089479","51.510864","kY268mUJnkJG","E01032739","City of London 001F","Other theft","Under investigation",""
"f39e074bf4a9a6049e6b5c37d4e43bc3ea237c12c8a46dc0de2b2a1f1fe78ce3","2026-02","fLrvQqOIz9do","fLrvQqOIz9do","-0.081512","51.518692","wSjScPkT76e5","E01032739","City of London 001F","Other theft","Under investigation",""
"12bcbad57f9cfecfcb942f825011fbcde96fe347f27fee03d3862fd43175e866","2026-02","fLrvQqOIz9do","fLrvQqOIz9do","-0.084754","51.512882","2eP832Hq9waE","E01032739","City of London 001F","Other theft","Investigation complete; no suspect identified",""
"7e9e3e156404abfc136a93386943e4be6fc2f6736c061033cd1e80176d32e2af","2026-02","fLrvQqOIz9do","fLrvQqOIz9do","-0.077070","51.510877","2iHwF37U9jLg","E01032739","City of London 001F","Other theft","Investigation complete; no suspect identified",""
"677771503e07f4ca68fc3c4c5576b1e91314f44cc99e04daab0637fdd6fc8031","2026-02","fLrvQqOIz9do","fLrvQqOIz9do","-0.084910","51.512588","OfbZxRdt/52K","E01032739","City of London 001F","Other theft","Under investigation",""
"202536c8e5238c2156a709d641ae500d4bdc97607d9ae5593c6468bea9dc6c67","2026-02","fLrvQqOIz9do","fLrvQqOIz9do","-0.089479","51.510864","kY268mUJnkJG","E01032739","City of London 001F","Other theft","Under investigation",""
"f67973bf30a5a1fbf2ee0e8945cbc7b052073d1303933751af11f964b1705b1e","2026-02","fLrvQqOIz9do","fLrvQqOIz9do","-0.083977","51.510441","iIpKwhyoBdec","E01032739","City of London 001F","Other theft","Under investigation",""
"1916938ac59b96297c51d48050e284100456f00f648ca6b93f1befeb8eda74b0","2026-02","fLrvQqOIz9do","fLrvQqOIz9do","-0.087157","51.512624","6YZPZPnj3KKK","E01032739","City of London 001F","Other theft","Investigation complete; no suspect identified",""
"4f91a99871ec0269deba6d276471f9c922f22cd3c4967d1fe9fd81a7d5a1a878","2026-02","fLrvQqOIz9do","fLrvQqOIz9do","-0.087772","51.510665","6og4MamycvXx","E01032739","City of London 001F","Other theft","Under investigation",""
"7b561a82861d2600367f9b1932cabf1db6fa8ca16b02a4648d90e61d0c4117a8","2026-02","fLrvQqOIz9do","fLrvQqOIz9do","-0.104276","51.513712","j4PeMUhtWtkm","E01032739","City of London 001F","Other theft","Investigation complete; no suspect identified",""
"95d26bce0222d867d6bd7b0c08d80dde343c67e110f33555debcbd4c78d37e30","2026-02","fLrvQqOIz9do","fLrvQqOIz9do","-0.077959","51.511332","Xx1u9dOHmIgj","E01032739","City of London 001F","Other theft","Investigation complete; no suspect identified",""
"b2d9bfaae5424aaa7ef4e4d17c1d6755fa1959f2cd68d036ea5d4b8577fba3ab","2026-02","fLrvQqOIz9do","fLrvQqOIz9do","-0.095224","51.513736","fzK/HvsYVthT","E01032739","City of London 001F","Possession of weapons","Investigation complete; no suspect identified",""
"8861cebcf16eae0ba53190aff7310869377d03c5f273b588700bde837c241071","2026-02","fLrvQqOIz9do","fLrvQqOIz9do","-0.079127","51.509607","mFffIJNCqkF4","E01032739","City of London 001F","Public order","Awaiting court outcome",""
"2e99e491e1e2172cacdeae250c9adb420acc94976bd667a6be900a0e98c1ed22","2026-02","fLrvQqOIz9do","fLrvQqOIz9do","-0.091540","51.511896","xXi1HTC9dEVp","E01032739","City of London 001F","Public order","Unable to prosecute suspect",""
"75f42be36275c79f06266b83d66a9fdf7b2c72742acf691e6197fd93b7a4599a","2026-02","fLrvQqOIz9do","fLrvQqOIz9do","-0.089208","51.509744","ol5E6DulF/gF","E01032739","City of London 001F","Public order","Under investigation",""
"a27850804254040ef4e95457b82c90b0047bd4245f3f50855b3bd7b2f3ec507b","2026-02","fLrvQqOIz9do","fLrvQqOIz9do","-0.079838","51.514267","xqHdxewuYVIj","E01032739","City of London 001F","Public order","Under investigation",""
"b4d02b49a713f82cd1278ea6b6383a3ff2248288d288037787836f0873f77e79","2026-02","fLrvQqOIz9do","fLrvQqOIz9do","-0.096501","51.513874","GFWAN7mR6GR6","E01032739","City of London 001F","Public order","Under investigation",""
"c452c3259c5ba15804f29bf533d4013be97de815aac8700a34e642cdd7966d26","2026-02","fLrvQqOIz9do","fLrvQqOIz9do","-0.088456","51.514975","eTSLRXj7wqqD","E01032739","City of London 001F","Public order","Under investigation",""
"325d2e93ce6bda3546314482f8157efc3c160726e0de45327119507952b078bd","2026-02","fLrvQqOIz9do","fLrvQqOIz9do","-0.097291","51.514626","R0V5P6N9Gx/1","E01032739","City of London 001F","Public order","Under investigation",""
"d67eabda6fd6df01f57ea523332423a913ebdac40f3c4b8ec6bd80d530b8d147","2026-02","fLrvQqOIz9do","fLrvQqOIz9do","-0.086815","51.517007","MoKITRuLqSzo","E01032739","City of London 001F","Public order","Under investigation",""
"6529e6e886f9330a0bf416f265d60e802b61f9e72a88e7051517a3eb1b2cb08a","2026-02","fLrvQqOIz9do","fLrvQqOIz9do","-0.087772","51.510665","6og4MamycvXx","E01032739","City of London 001F","Public order","Unable to prosecute suspect",""
"ddbccb77220487d079bf94bfe2af29eefca78e9f814019e5ba306158fc5ed532","2026-02","fLrvQqOIz9do","fLrvQqOIz9do","-0.079521","51.511196","kIwi4X783cZ8","E01032739","City of London 001F","Public order","Under investigation",""
"1ffb0bf025e9590a2a03f1e20177b6c571704621a89998855c0a052a4e326793","2026-02","fLrvQqOIz9do","fLrvQqOIz9do","-0.091947","51.513188","F/D8DV6eOs8r","E01032739","City of London 001F","Public order","Under investigation",""
"72ccabcde69107907cc5913bdf1e9af5c62d3e5d844b3b6343c66b051c704081","2026-02","fLrvQqOIz9do","fLrvQqOIz9do","-0.087157","51.512624","6YZPZPnj3KKK","E01032739","City of London 001F","Public order","Under investigation",""
"641b9d2c7afb5ce8e7d6fb37c6571a34f80ef27490ef3b028efec932f22906e4","2026-02","fLrvQqOIz9do","fLrvQqOIz9do","-0.084910","51.512588","OfbZxRdt/52K","E01032739","City of London 001F","Public order","Under investigation",""
"8e9a507f514cc20124c9011ba87aa0df68607bbd486f061275df764ee44a930f","2026-02","fLrvQqOIz9do","fLrvQqOIz9do","-0.081902","51.517296","MlZHXg61uPKd","E01032739","City of London 001F","Public order","Unable to prosecute suspect",""
"1641f27a3116c58bc1dce34f26cc4bd2a5c9676b6348c30b71f599dd02c0b9b4","2026-02","fLrvQqOIz9do","fLrvQqOIz9do","-0.086019","51.513631","cW1AWnntcpSD","E01032739","City of London 001F","Public order","Unable to prosecute suspect",""
"153e9f2647af9526d57ed482abede580a3599659fa681855e1e86748120c951c","2026-02","fLrvQqOIz9do","fLrvQqOIz9do","-0.087772","51.510665","6og4MamycvXx","E01032739","City of London 001F","Public order","Unable to prosecute suspect",""
"cf2cee6182f260d727ce50c9f2cddfef929843510b4c351c226a3f56d6c6cecf","2026-02","fLrvQqOIz9do","fLrvQqOIz9do","-0.081512","51.518692","wSjScPkT76e5","E01032739","City of London 001F","Public order","Under investigation",""
"fbba76dcd23bdd9aee1cd614caf970c636f4975e84498555ecffd879459baf7d","2026-02","fLrvQqOIz9do","fLrvQqOIz9do","-0.078278","51.513666","f8HqdKkLjSPw","E01032739","City of London 001F","Public order","Unable to prosecute suspect",""
"ee66256f783eb6165ca0ae04d1bbcd613657adabd19424bba7bb1cf8ed276105","2026-02","fLrvQqOIz9do","fLrvQqOIz9do","-0.085228","51.511190","l9RL4ah6siaK","E01032739","City of London 001F","Public order","Under investigation",""
"f451945153c77f0266e37bbd1f66e2b7ffa9ee8eecc14a6ef663712c6a4ef4e2","2026-02","fLrvQqOIz9do","fLrvQqOIz9do","-0.084844","51.510725","5CMQagL2W7dM","E01032739","City of London 001F","Public order","Unable to prosecute suspect",""
"537fd87f78139fec72dedcab01d0ae3d443e0270b01bfc2a705f4879c62f5ddf","2026-02","fLrvQqOIz9do","fLrvQqOIz9do","-0.086019","51.513631","cW1AWnntcpSD","E01032739","City of London 001F","Public order","Unable to prosecute suspect",""
"81f5cf2d8a0b6ce740ddd166c0b039c48295ac323d239efc3ea3575ecf375cb5","2026-02","fLrvQqOIz9do","fLrvQqOIz9do","-0.084844","51.510725","5CMQagL2W7dM","E01032739","City of London 001F","Public order","Unable to prosecute suspect",""
"c9cf40ced34842b70e652ec298d3496b74b375709d8aee6417428f6d5f6b5e8e","2026-02","fLrvQqOIz9do","fLrvQqOIz9do","-0.097291","51.514626","R0V5P6N9Gx/1","E01032739","City of London 001F","Public order","Unable to prosecute suspect",""
"d143133c6db610c0ad6e3076f8713b5c61170e8a920edd62ca6f224a983f501f","2026-02","fLrvQqOIz9do","fLrvQqOIz9do","-0.082993","51.516360","svK7BnUtYe+Q","E01032739","City of London 001F","Public order","Under investigation",""
"b1e83d1d410ece85f18ea962a8a14e202f0464be478a2224846921e4e8711d77","2026-02","fLrvQqOIz9do","fLrvQqOIz9do","-0.079907","51.517785","AqEic1Ve0RZS","E01032739","City of London 001F","Public order","Under investigation",""
"7ae5d1e888ec37317e5de1c865eaae559b24aed2d1005586c13318db765cb8db","2026-02","fLrvQqOIz9do","fLrvQqOIz9do","-0.081512","51.518692","wSjScPkT76e5","E01032739","City of London 001F","Public order","Investigation complete; no suspect identified",""
"13888cf5d157fe9020e0e4ae4b31dc34d8701832b6bf30f22f6f4e01c44549d4","2026-02","fLrvQqOIz9do","fLrvQqOIz9do","-0.095924","51.513882","fzK/HvsYVthT","E01032739","City of London 001F","Robbery","Under investigation",""
"5cbfafbf78b10c8f4e5d92dea5795feb4546a6c49ee2bf15ada6fb6ec4375431","2026-02","fLrvQqOIz9do","fLrvQqOIz9do","-0.086815","51.517007","MoKITRuLqSzo","E01032739","City of London 001F","Robbery","Awaiting court outcome",""
"85d31fd901e7576b4e2a4eda9c4f5d9838718baa9acea406d7a6a7146e2ee30d","2026-02","fLrvQqOIz9do","fLrvQqOIz9do","-0.078477","51.509965","1LoruBLh+EWY","E01032739","City of London 001F","Robbery","Investigation complete; no suspect identified",""
"1efe01c98a4ee8a3f5d0e24b9a4d60b4701635030cba7009ba7725d93981e647","2026-02","fLrvQqOIz9do","fLrvQqOIz9do","-0.094070","51.513079","1z7+/Jkq1rk1","E01032739","City of London 001F","Robbery","Under investigation",""
"07b5246d0aef369c99c48d040666899dd69d130e22868eee5185d7efd968a6c4","2026-02","fLrvQqOIz9do","fLrvQqOIz9do","-0.083600","51.509797","+8lW+RYroZOg","E01032739","City of London 001F","Robbery","Under investigation",""
"1877e02665cafa252673714c7a36c70ed1a9a93171e019febd982d97d4c4333c","2026-02","fLrvQqOIz9do","fLrvQqOIz9do","-0.091540","51.511896","xXi1HTC9dEVp","E01032739","City of London 001F","Robbery","Unable to prosecute suspect",""
"f009087547d70f2e01ca97bf8052ddcaad22a6ac68c72d3ac0b7dfcb88786d21","2026-02","fLrvQqOIz9do","fLrvQqOIz9do","-0.091947","51.513188","F/D8DV6eOs8r","E01032739","City of London 001F","Robbery","Under investigation",""
"752752b80d56845330e3e42466506781a208c200507d352e4462e28e02595933","2026-02","fLrvQqOIz9do","fLrvQqOIz9do","-0.101906","51.511794","Tn3IHHKLBPz0","E01032739","City of London 001F","Robbery","Unable to prosecute suspect",""
"1f2cd9303495a109701eb7085585a7f084c6aeb46150cb86d07971060253d418","2026-02","fLrvQqOIz9do","fLrvQqOIz9do","-0.091947","51.513188","F/D8DV6eOs8r","E01032739","City of London 001F","Robbery","Unable to prosecute suspect",""
"cf382ba81dac6e254bde15e18bb8c66e61b5fc88f9d26fe6eb2d9ae5f6f57db9","2026-02","fLrvQqOIz9do","fLrvQqOIz9do","-0.078278","51.513666","f8HqdKkLjSPw","E01032739","City of London 001F","Robbery","Unable to prosecute suspect",""
"f44c6726ebc2c91b09400f7b98c35b427a144b3516b56635982cd6e8f882e3bf","2026-02","fLrvQqOIz9do","fLrvQqOIz9do","-0.091947","51.513188","F/D8DV6eOs8r","E01032739","City of London 001F","Shoplifting","Local resolution",""
"feb20c90772146daf1de767433858bd99470a9cd45d0601a19843d2c15923b28","2026-02","fLrvQqOIz9do","fLrvQqOIz9do","-0.085089","51.512105","8wnWaGjoIcFf","E01032739","City of London 001F","Shoplifting","Local resolution",""
"07e86272e8858f825ae3a6d06b7d70bea24e4e840418c013f4f3bf21975e2508","2026-02","fLrvQqOIz9do","fLrvQqOIz9do","-0.079883","51.517326","AQJUM6v79PO+","E01032739","City of London 001F","Shoplifting","Under investigation",""
"8b2ada732c848ee4d120e9414340b34e33e6eab55567a49aebb400869e7932d6","2026-02","fLrvQqOIz9do","fLrvQqOIz9do","-0.086815","51.517007","MoKITRuLqSzo","E01032739","City of London 001F","Shoplifting","Under investigation",""
"f4874b2c570bb26db18fcd9861b0451b0c17ab277cff3ef36c3e26ed99517642","2026-02","fLrvQqOIz9do","fLrvQqOIz9do","-0.085089","51.512105","8wnWaGjoIcFf","E01032739","City of London 001F","Shoplifting","Awaiting court outcome",""
"ef2b4646d85acd0444a2ad0059b5af7bcd200d2526a554628db20e70a1305b23","2026-02","fLrvQqOIz9do","fLrvQqOIz9do","-0.095224","51.513736","fzK/HvsYVthT","E01032739","City of London 001F","Shoplifting","Investigation complete; no suspect identified",""
"ab372424d2c9a5c1b124c9a204971e423792b09764e7bd69aba7989567b6f15a","2026-02","fLrvQqOIz9do","fLrvQqOIz9do","-0.094070","51.513079","1z7+/Jkq1rk1","E01032739","City of London 001F","Shoplifting","Unable to prosecute suspect",""
"62c58f3ceb315ce9962d9046ef1b5d16c7c7a61aee5cd9242539cc5c7d763afa","2026-02","fLrvQqOIz9do","fLrvQqOIz9do","-0.079883","51.517326","AQJUM6v79PO+","E01032739","City of London 001F","Shoplifting","Unable to prosecute suspect",""
"38889facb6e371ce8fd93071f52e320a316962e2fcfcb6cef61410710cddaa75","2026-02","fLrvQqOIz9do","fLrvQqOIz9do","-0.079883","51.517326","AQJUM6v79PO+","E01032739","City of London 001F","Shoplifting","Unable to prosecute suspect",""
"2309a35c0dbd77d07701ab164aaa3497a21edf2abe2e7cbfc058669e2ac0a118","2026-02","fLrvQqOIz9do","fLrvQqOIz9do","-0.084844","51.509700","fWbrtW3aw24J","E01032739","City of London 001F","Shoplifting","Investigation complete; no suspect identified",""
"11f9fd4e1466a8df56da44ba487c9a1bba7664fac5e0107336439077cdccd26e","2026-02","fLrvQqOIz9do","fLrvQqOIz9do","-0.082133","51.515222","oauaD439CFOb","E01032739","City of London 001F","Shoplifting","Under investigation",""
"3e55bf69e2a5415aca083f0aca16eb14481f5d8b8daa44c472a64d6348d68bbc","2026-02","fLrvQqOIz9do","fLrvQqOIz9do","-0.081902","51.517296","MlZHXg61uPKd","E01032739","City of London 001F","Shoplifting","Under investigation",""
"eaa6e3453e703e7c36e9e1925d5b3022942453be1a7aeb6f42ee4e99b1ef2a6f","2026-02","fLrvQqOIz9do","fLrvQqOIz9do","-0.095224","51.513736","fzK/HvsYVthT","E01032739","City of London 001F","Shoplifting","Investigation complete; no suspect identified",""
"668454d9801d59d6bbb0b5ef8b0dad416d96fcad51f05d9c7f275a3602dbb42f","2026-02","fLrvQqOIz9do","fLrvQqOIz9do","-0.100888","51.514448","05L1EHupv/A9","E01032739","City of London 001F","Shoplifting","Unable to prosecute suspect",""
"5282a0a7f2d6b82bfb0c6cbb73b352db6f35092400e263550f2b40bf0088a813","2026-02","fLrvQqOIz9do","fLrvQqOIz9do","-0.095224","51.513736","fzK/HvsYVthT","E01032739","City of London 001F","Shoplifting","Investigation complete; no suspect identified",""
"1bbad30600e13023201c4233362f6d8c351cd00b960942753aebace0363f83be","2026-02","fLrvQqOIz9do","fLrvQqOIz9do","-0.081902","51.517296","MlZHXg61uPKd","E01032739","City of London 001F","Shoplifting","Under investigation",""
"99de535570cde00e7259bec515519af31e8cea439852022e2515e58651cbab6f","2026-02","fLrvQqOIz9do","fLrvQqOIz9do","-0.079883","51.517326","AQJUM6v79PO+","E01032739","City of London 001F","Shoplifting","Under investigation",""
"8d6fe4915f9ed7f7baf8a559dbc3cd26636af0e922ae70cfc6ef95e23d78254e","2026-02","fLrvQqOIz9do","fLrvQqOIz9do","-0.095924","51.513882","fzK/HvsYVthT","E01032739","City of London 001F","Shoplifting","Under investigation",""
"db9c0ed6d63dd0c0d0bc3ffa8bce70a3c0420a655d4167b3aad5992b35415991","2026-02","fLrvQqOIz9do","fLrvQqOIz9do","-0.085089","51.512105","8wnWaGjoIcFf","E01032739","City of London 001F","Shoplifting","Under investigation",""
"74412505f29a20ba875cb782cced6b6bc2d08e973cf9612b63dc3a6a637fdc07","2026-02","fLrvQqOIz9do","fLrvQqOIz9do","-0.097291","51.514626","R0V5P6N9Gx/1","E01032739","City of London 001F","Shoplifting","Under investigation",""
"e2c573ee0b65e9ba8f90b0a55424b2244883b5734b6bcc5acd7bccdf5e7b0db4","2026-02","fLrvQqOIz9do","fLrvQqOIz9do","-0.085089","51.512105","8wnWaGjoIcFf","E01032739","City of London 001F","Shoplifting","Under investigation",""
"256e1d82eba76b94e5a8f6869ee7a21285a47431353f6cf793cbc9868cc593c4","2026-02","fLrvQqOIz9do","fLrvQqOIz9do","-0.094070","51.513079","1z7+/Jkq1rk1","E01032739","City of London 001F","Shoplifting","Under investigation",""
"4364008ffa09209a3fb09768fe70b083cc4860bc4c959b39f68c144286087672","2026-02","fLrvQqOIz9do","fLrvQqOIz9do","-0.091823","51.514427","hZALazysJVvQ","E01032739","City of London 001F","Shoplifting","Under investigation",""
"975a5171067dd715dc08568f350408d506f9a99a6c7d0b2f35547e92865989d1","2026-02","fLrvQqOIz9do","fLrvQqOIz9do","-0.085089","51.512105","8wnWaGjoIcFf","E01032739","City of London 001F","Shoplifting","Awaiting court outcome",""
"b0239096a139c2fa34501c368ce7aaf1dcfbc9cf317d2362ca8a1f60d8fcfeb7","2026-02","fLrvQqOIz9do","fLrvQqOIz9do","-0.091947","51.513188","F/D8DV6eOs8r","E01032739","City of London 001F","Shoplifting","Investigation complete; no suspect identified",""
"9b2d1c4d65fdf9b95804bafffce8264e75ec024ee2970df7aa59a1a8b98a810a","2026-02","fLrvQqOIz9do","fLrvQqOIz9do","-0.091947","51.513188","F/D8DV6eOs8r","E01032739","City of London 001F","Shoplifting","Local resolution",""
"c89c0f0fdfe177c78bcabb91f282fd3cb649be2d7061bd28a31d4d8915659144","2026-02","fLrvQqOIz9do","fLrvQqOIz9do","-0.094070","51.513079","1z7+/Jkq1rk1","E01032739","City of London 001F","Shoplifting","Under investigation",""
"39f4ba8451d10e33b8b2115fbe7e94cce8b7b16cc97eb52ba3e9868bd5e20857","2026-02","fLrvQqOIz9do","fLrvQqOIz9do","-0.078278","51.513666","f8HqdKkLjSPw","E01032739","City of London 001F","Shoplifting","Unable to prosecute suspect",""
"5d5e2ac2a9469b69945f44c2b3f4c7f10724901c69ba22f86cf4785097ae8733","2026-02","fLrvQqOIz9do","fLrvQqOIz9do","-0.079138","51.508312","pWkSVZaLIeyE","E01032739","City of London 001F","Shoplifting","Under investigation",""
"24d5c2ccc249d54e1ccb3afe17ed7c71064a6c1105331c34f522b604b4afc9b4","2026-02","fLrvQqOIz9do","fLrvQqOIz9do","-0.086815","51.517007","MoKITRuLqSzo","E01032739","City of London 001F","Shoplifting","Investigation complete; no suspect identified",""
"529a9ef9f809afa23df426abb12b4fc6e1411c33113ff35dfa155a3c3756dffd","2026-02","fLrvQqOIz9do","fLrvQqOIz9do","-0.079883","51.517326","AQJUM6v79PO+","E01032739","City of London 001F","Shoplifting","Under investigation",""
"53d6130e3914b0a359ac10f371c8915a2c1208192eb5634d8c102fc346aa5a53","2026-02","fLrvQqOIz9do","fLrvQqOIz9do","-0.084754","51.512882","2eP832Hq9waE","E01032739","City of London 001F","Shoplifting","Investigation complete; no suspect identified",""
"b95d4fe3d7dcb912c3fad436d3fc48bb7f29c877b5c8acdbe4b63c43f1c11168","2026-02","fLrvQqOIz9do","fLrvQqOIz9do","-0.079138","51.508312","pWkSVZaLIeyE","E01032739","City of London 001F","Shoplifting","Under investigation",""
"951670a4f7ca5a51e45d91fe2cce1e51076a9aeb3e1350c1de6358b8b078b5b0","2026-02","fLrvQqOIz9do","fLrvQqOIz9do","-0.091823","51.514427","hZALazysJVvQ","E01032739","City of London 001F","Shoplifting","Under investigation",""
"6901a8970b1835a35ac992dad0b0945aff465e70793ff960f9797f8f5d20a875","2026-02","fLrvQqOIz9do","fLrvQqOIz9do","-0.079138","51.508312","pWkSVZaLIeyE","E01032739","City of London 001F","Shoplifting","Under investigation",""
"b39691a2e0ee8813ca66ecf6302c1e41032c75d47476f6b7690349745896a03e","2026-02","fLrvQqOIz9do","fLrvQqOIz9do","-0.082993","51.516360","svK7BnUtYe+Q","E01032739","City of London 001F","Shoplifting","Under investigation",""
"391e82d54eaa9b63c91ecbc901a605a4c4be08dc69c8f41549f82beb4e8510e5","2026-02","fLrvQqOIz9do","fLrvQqOIz9do","-0.086815","51.517007","MoKITRuLqSzo","E01032739","City of London 001F","Shoplifting","Under investigation",""
"a5cc7192794950584646304729f37f800e34474bce8c445aeb3cc7ce1663a315","2026-02","fLrvQqOIz9do","fLrvQqOIz9do","-0.085089","51.512105","8wnWaGjoIcFf","E01032739","City of London 001F","Shoplifting","Under investigation",""
"d66bc20b571728e74dc7684a3c88cc84095d13359ffc20e538859626cf595a6f","2026-02","fLrvQqOIz9do","fLrvQqOIz9do","-0.079883","51.517326","AQJUM6v79PO+","E01032739","City of London 001F","Shoplifting","Unable to prosecute suspect",""
"b89109ba2ed71ec5ff350417c887cc7be0fdb43682d56c870a90fda0c2ef8885","2026-02","fLrvQqOIz9do","fLrvQqOIz9do","-0.095924","51.513882","fzK/HvsYVthT","E01032739","City of London 001F","Shoplifting","Investigation complete; no suspect identified",""
"d8779dd764fdfa1e979bfcc596e7e8ac5a350556802e31d51ea18ba025eb24ad","2026-02","fLrvQqOIz9do","fLrvQqOIz9do","-0.078278","51.513666","f8HqdKkLjSPw","E01032739","City of London 001F","Shoplifting","Awaiting court outcome",""
"d9a10d27da9ece3840ac4fe91cba1eaf8a8695eecf4ade126fd3190818422673","2026-02","fLrvQqOIz9do","fLrvQqOIz9do","-0.095924","51.513882","fzK/HvsYVthT","E01032739","City of London 001F","Shoplifting","Under investigation",""
"2235475d0cf9c0a674064e46c636bf0eb99705ba185715019aab06b09d9c3ecb","2026-02","fLrvQqOIz9do","fLrvQqOIz9do","-0.079907","51.517785","AqEic1Ve0RZS","E01032739","City of London 001F","Shoplifting","Unable to prosecute suspect",""
"e42af97d4a07d3465de0185763882400673bdf84b023d814c715387296913503","2026-02","fLrvQqOIz9do","fLrvQqOIz9do","-0.094070","51.513079","1z7+/Jkq1rk1","E01032739","City of London 001F","Shoplifting","Under investigation",""
"a8a82e2b71658a0a6f952c5eeb556fb5061947824373bd14127db650924f8cf1","2026-02","fLrvQqOIz9do","fLrvQqOIz9do","-0.079907","51.517785","AqEic1Ve0RZS","E01032739","City of London 001F","Shoplifting","Unable to prosecute suspect",""
"a1072ef8a495306c9dad0f5f139b7cc48facfefec5c57ffc69ce10bc12387d19","2026-02","fLrvQqOIz9do","fLrvQqOIz9do","-0.085089","51.512105","8wnWaGjoIcFf","E01032739","City of London 001F","Shoplifting","Investigation complete; no suspect identified",""
"88c087322b67914cd1bb4b09cd52dd47e2c4b5e3aeaa2165ef31f6548b567e3f","2026-02","fLrvQqOIz9do","fLrvQqOIz9do","-0.082993","51.516360","svK7BnUtYe+Q","E01032739","City of London 001F","Shoplifting","Under investigation",""
"fb8d77c83791217064173871dade760bd95da60a27a4aced0949e3778c29baa8","2026-02","fLrvQqOIz9do","fLrvQqOIz9do","-0.078278","51.513666","f8HqdKkLjSPw","E01032739","City of London 001F","Shoplifting","Under investigation",""
"fd002222160f0f617c51b4929b94461930c0b14f36a9bad762f8338e2fd66bca","2026-02","fLrvQqOIz9do","fLrvQqOIz9do","-0.088785","51.517102","jLx3Ie2n+1jk","E01032739","City of London 001F","Shoplifting","Under investigation",""
"fad9ede2f743a73f8db1d0c075c5e8fb3aedeeb10695892a2c32ec46334c165d","2026-02","fLrvQqOIz9do","fLrvQqOIz9do","-0.081512","51.518692","wSjScPkT76e5","E01032739","City of London 001F","Shoplifting","Under investigation",""
"69f0b1eed3ec0d8d5a38de3604dc7403f864d25913b4f14a63698fdc8837fe67","2026-02","fLrvQqOIz9do","fLrvQqOIz9do","-0.078278","51.513666","f8HqdKkLjSPw","E01032739","City of London 001F","Shoplifting","Under investigation",""
"ff3bfd6daa47cc2cf77347deb78456c0bec3d9a04f054eded96b5536b512472b","2026-02","fLrvQqOIz9do","fLrvQqOIz9do","-0.094070","51.513079","1z7+/Jkq1rk1","E01032739","City of London 001F","Shoplifting","Under investigation",""
"911f32c99861377eff6c8ee5808a6b89887291d48d3b9e4c23b37f640c1a5528","2026-02","fLrvQqOIz9do","fLrvQqOIz9do","-0.085089","51.512105","8wnWaGjoIcFf","E01032739","City of London 001F","Shoplifting","Under investigation",""
"80de45e208e83ce3358795599aaa9e7978d51f088bdc5b108df9d1d369ecd2e4","2026-02","fLrvQqOIz9do","fLrvQqOIz9do","-0.097291","51.514626","R0V5P6N9Gx/1","E01032739","City of London 001F","Shoplifting","Investigation complete; no suspect identified",""
"1c804c455d4ed559e4b86bf58b6b88d36550b2256ec827f8fa0d6414dd0c8c8d","2026-02","fLrvQqOIz9do","fLrvQqOIz9do","-0.086815","51.517007","MoKITRuLqSzo","E01032739","City of London 001F","Shoplifting","Awaiting court outcome",""
"3e2fd691350fd7d090dc5d279ec39262648650cc4429dc2b913e91a6f69ddd26","2026-02","fLrvQqOIz9do","fLrvQqOIz9do","-0.081902","51.517296","MlZHXg61uPKd","E01032739","City of London 001F","Shoplifting","Under investigation",""
"14c64c9e84f82421c3a669ad18489f90a3d7c1ee15cf2e52263cfd1d97b0a734","2026-02","fLrvQqOIz9do","fLrvQqOIz9do","-0.088785","51.517102","jLx3Ie2n+1jk","E01032739","City of London 001F","Shoplifting","Investigation complete; no suspect identified",""
"4daf84257ac2eea6287e3474b8537ba0f55f3f6cd07b067bffbc67e4751566b4","2026-02","fLrvQqOIz9do","fLrvQqOIz9do","-0.095224","51.513736","fzK/HvsYVthT","E01032739","City of London 001F","Shoplifting","Under investigation",""
"647809988fc02692bc26b12d46c862247f2c062173010d1736dad9fd1689c00d","2026-02","fLrvQqOIz9do","fLrvQqOIz9do","-0.086815","51.517007","MoKITRuLqSzo","E01032739","City of London 001F","Shoplifting","Under investigation",""
"5f21bd1effbe0ee9be6d3082efbc441b736fd1505ad5b64735a15fee875b51a6","2026-02","fLrvQqOIz9do","fLrvQqOIz9do","-0.095924","51.513882","fzK/HvsYVthT","E01032739","City of London 001F","Shoplifting","Under investigation",""
"e607ffa32d57a841390c0584a2e3f0bc0bd7dc2561c4423b6af3ccf999de2fac","2026-02","fLrvQqOIz9do","fLrvQqOIz9do","-0.091823","51.514427","hZALazysJVvQ","E01032739","City of London 001F","Shoplifting","Under investigation",""
"ae337eec73ea0038f98e4751e82d0b237f195036de8700a07e24f5720637e863","2026-02","fLrvQqOIz9do","fLrvQqOIz9do","-0.096501","51.513874","GFWAN7mR6GR6","E01032739","City of London 001F","Shoplifting","Under investigation",""
"c7be289080e3e4ad947825a4b20a0c512fc23ade74b378dbc2fa18ddf41d1f9a","2026-02","fLrvQqOIz9do","fLrvQqOIz9do","-0.081512","51.518692","wSjScPkT76e5","E01032739","City of London 001F","Shoplifting","Under investigation",""
"5f2ad3490d5b4c4ea88de2a39f28634c0ff43d36b608911aec7ce77bbc98636e","2026-02","fLrvQqOIz9do","fLrvQqOIz9do","-0.085089","51.512105","8wnWaGjoIcFf","E01032739","City of London 001F","Shoplifting","Under investigation",""
"2cd38b2cda5e6dcc2a825dcfa6b28046dffa9b6ba552c424ae50d1f315f19a22","2026-02","fLrvQqOIz9do","fLrvQqOIz9do","-0.079138","51.508312","pWkSVZaLIeyE","E01032739","City of London 001F","Shoplifting","Under investigation",""
"5efa456c4e54829b77f5d084468edca9c94624625abff5664d8dfbf9bd8c99c8","2026-02","fLrvQqOIz9do","fLrvQqOIz9do","-0.095224","51.513736","fzK/HvsYVthT","E01032739","City of London 001F","Shoplifting","Under investigation",""
"93e52741970ad7cbe1335260534bed5ef53e88088fd6b7f7e6f45e2e65df453f","2026-02","fLrvQqOIz9do","fLrvQqOIz9do","-0.094460","51.512024","i9jpIXLtZq7y","E01032739","City of London 001F","Shoplifting","Under investigation",""
"1600e2f0dda50d57ff0531e1ace67f0398f353880a61a7c8501e97c2fce93cf6","2026-02","fLrvQqOIz9do","fLrvQqOIz9do","-0.079883","51.517326","AQJUM6v79PO+","E01032739","City of London 001F","Shoplifting","Under investigation",""
"44e1e49698484ba8441d93e474b98341d3627d1dca399221a4077e45c723c114","2026-02","fLrvQqOIz9do","fLrvQqOIz9do","-0.095924","51.513882","fzK/HvsYVthT","E01032739","City of London 001F","Shoplifting","Investigation complete; no suspect identified",""
"d9303a7e8d39636454f96e77f80ae566e023da5bb8b9e2255e14ae54f0ac8695","2026-02","fLrvQqOIz9do","fLrvQqOIz9do","-0.095924","51.513882","fzK/HvsYVthT","E01032739","City of London 001F","Shoplifting","Under investigation",""
"77a8b82e127965bfc147959d492783487a9c4dd5880a4245d15378219b8cb90d","2026-02","fLrvQqOIz9do","fLrvQqOIz9do","-0.100888","51.514448","05L1EHupv/A9","E01032739","City of London 001F","Shoplifting","Awaiting court outcome",""
"28c48f35c61096aa016e24d8850d5d22713472b8a9106aa5a8f4f419fae4cecb","2026-02","fLrvQqOIz9do","fLrvQqOIz9do","-0.095224","51.513736","fzK/HvsYVthT","E01032739","City of London 001F","Shoplifting","Investigation complete; no suspect identified",""
"7ab25825803a6402d2fe62c5185019e0833388ea1bdc2fda50adda6966fc6b24","2026-02","fLrvQqOIz9do","fLrvQqOIz9do","-0.091947","51.513188","F/D8DV6eOs8r","E01032739","City of London 001F","Shoplifting","Under investigation",""
"48ef7a0e7dc99f22ede2ba19cf9d9867a019c549783adb9192a47443dd82376f","2026-02","fLrvQqOIz9do","fLrvQqOIz9do","-0.081902","51.517296","MlZHXg61uPKd","E01032739","City of London 001F","Shoplifting","Under investigation",""
"8c23ef21a4cf2253f307138618cb344eecd8ab022ca7e93d6040300d21f9d2e8","2026-02","fLrvQqOIz9do","fLrvQqOIz9do","-0.078278","51.513666","f8HqdKkLjSPw","E01032739","City of London 001F","Shoplifting","Unable to prosecute suspect",""
"238a7dd953fc93e2941ae991d1f983656c52b99257186cc450f4901c04ffbfcb","2026-02","fLrvQqOIz9do","fLrvQqOIz9do","-0.094070","51.513079","1z7+/Jkq1rk1","E01032739","City of London 001F","Shoplifting","Under investigation",""
"a612001f947f392547fe47f498b93da79812ca0897f98e116d1b41565fba691c","2026-02","fLrvQqOIz9do","fLrvQqOIz9do","-0.094070","51.513079","1z7+/Jkq1rk1","E01032739","City of London 001F","Shoplifting","Under investigation",""
"300ba2ec59796aa74bed2940133d79ad06de17fedd746521d92b947441ab1264","2026-02","fLrvQqOIz9do","fLrvQqOIz9do","-0.096501","51.513874","GFWAN7mR6GR6","E01032739","City of London 001F","Shoplifting","Investigation complete; no suspect identified",""
"bf89b5059b4fd3ea903af50214bf26efe6477c5b7f58d8579c8503e3fd41e77d","2026-02","fLrvQqOIz9do","fLrvQqOIz9do","-0.079907","51.517785","AqEic1Ve0RZS","E01032739","City of London 001F","Shoplifting","Local resolution",""
"6fd2e8117a05f803a573ead56fc380e725006b72cef49307a9418894a732fa61","2026-02","fLrvQqOIz9do","fLrvQqOIz9do","-0.081643","51.510070","iB9VbCaLMFie","E01032739","City of London 001F","Shoplifting","Awaiting court outcome",""
"27bbe6d83c603be52c41c551acf041e2d96304298bf5946c121593e3f9174981","2026-02","fLrvQqOIz9do","fLrvQqOIz9do","-0.081113","51.516869","CH41hlAxajZp","E01032739","City of London 001F","Theft from the person","Under investigation",""
"5495e24f34d6c9f521fa7129de06bdcc6ab193254fba38dfc60e1083b9713f4b","2026-02","fLrvQqOIz9do","fLrvQqOIz9do","-0.084754","51.512882","2eP832Hq9waE","E01032739","City of London 001F","Theft from the person","Under investigation",""
"2acac9b98e93640516f731fcee7527cb7b9eca9d9b2528c88402d698f86a7d93","2026-02","fLrvQqOIz9do","fLrvQqOIz9do","-0.086019","51.513631","cW1AWnntcpSD","E01032739","City of London 001F","Theft from the person","Investigation complete; no suspect identified",""
"7eeee09a5b614f3316db0950969b9c75b28f2a546316c063efd8d3ea0ec6bc39","2026-02","fLrvQqOIz9do","fLrvQqOIz9do","-0.091540","51.511896","xXi1HTC9dEVp","E01032739","City of London 001F","Theft from the person","Under investigation",""
"d44fa56b7d55b82d0c1bfcc1ee74e7c353f70a831eaaee88b411981ff27a767d","2026-02","fLrvQqOIz9do","fLrvQqOIz9do","-0.085228","51.511190","l9RL4ah6siaK","E01032739","City of London 001F","Theft from the person","Under investigation",""
"568d63713617742620904125cddb6c0d3314920504470d1fdb332a3f32dcc860","2026-02","fLrvQqOIz9do","fLrvQqOIz9do","-0.078278","51.513666","f8HqdKkLjSPw","E01032739","City of London 001F","Theft from the person","Investigation complete; no suspect identified",""
"a6e1728ad5f584cf796e726f522424a64f45ee4f3397a6f05bac155bb28b3bfa","2026-02","fLrvQqOIz9do","fLrvQqOIz9do","-0.086815","51.517007","MoKITRuLqSzo","E01032739","City of London 001F","Theft from the person","Investigation complete; no suspect identified",""
"6af7792d87523e339175fe4b57cea346e97b455d89a68e923bd301554a666c88","2026-02","fLrvQqOIz9do","fLrvQqOIz9do","-0.087157","51.512624","6YZPZPnj3KKK","E01032739","City of London 001F","Theft from the person","Under investigation",""
"df6093d43064e028ad61e49523c41dfef25297244599913d7a68f328acca0a4a","2026-02","fLrvQqOIz9do","fLrvQqOIz9do","-0.081643","51.510070","iB9VbCaLMFie","E01032739","City of London 001F","Theft from the person","Investigation complete; no suspect identified",""
"c8e0b7c7af7be179f5e443fed4859aabca51b4bddd23287ce3550633b5c1b945","2026-02","fLrvQqOIz9do","fLrvQqOIz9do","-0.086019","51.513631","cW1AWnntcpSD","E01032739","City of London 001F","Theft from the person","Investigation complete; no suspect identified",""
"1177146df1fc6cbe06bb658414876cd8c0c9b4345eaf4b81396cd7d7d8fe778b","2026-02","fLrvQqOIz9do","fLrvQqOIz9do","-0.091540","51.511896","xXi1HTC9dEVp","E01032739","City of London 001F","Theft from the person","Under investigation",""
"16da4c7abe1554f89f7f1f9b413e33d63387125ce28ffad951fdc3755b59924b","2026-02","fLrvQqOIz9do","fLrvQqOIz9do","-0.084844","51.509700","fWbrtW3aw24J","E01032739","City of London 001F","Theft from the person","Under investigation",""
"0deecb87483e44aa5115cfbc4ac19a5b935803b20786d7c22199de5a70516d71","2026-02","fLrvQqOIz9do","fLrvQqOIz9do","-0.095224","51.513736","fzK/HvsYVthT","E01032739","City of London 001F","Theft from the person","Unable to prosecute suspect",""
"a7ee5449a233d1c6a929502a1bae60b23c1684211104b8ec106dc6f0fcdfc9b7","2026-02","fLrvQqOIz9do","fLrvQqOIz9do","-0.085089","51.512105","8wnWaGjoIcFf","E01032739","City of London 001F","Theft from the person","Investigation complete; no suspect identified",""
"af1e517ac96a93f9d7dac901ac5222b919843d5af5a6bf3914081e96fb37b454","2026-02","fLrvQqOIz9do","fLrvQqOIz9do","-0.088303","51.510728","m+eW8qM1maOK","E01032739","City of London 001F","Theft from the person","Investigation complete; no suspect identified",""
"2e39d9967fe84bd273f95894f90bb071fdb596325a50db927ec0bdd565964ebc","2026-02","fLrvQqOIz9do","fLrvQqOIz9do","-0.080365","51.508943","fYKCWrLNHNL/","E01032739","City of London 001F","Theft from the person","Under investigation",""
"51c873e4c070acf592aaf64521cc116692c46355dfd192679befe042669d6c10","2026-02","fLrvQqOIz9do","fLrvQqOIz9do","-0.078755","51.518440","rpGBkGFkIk2l","E01032739","City of London 001F","Theft from the person","Under investigation",""
"849ff6660d9e97c5ef26c4b9a87559e1b54a6591a777dc1730e21aa7d3aa48fe","2026-02","fLrvQqOIz9do","fLrvQqOIz9do","-0.087157","51.512624","6YZPZPnj3KKK","E01032739","City of London 001F","Theft from the person","Under investigation",""
"a9c3ac3cfdd9cb1a690297a71defbbfddb43abf122ea0d37b98aa1c84983ad8d","2026-02","fLrvQqOIz9do","fLrvQqOIz9do","-0.081113","51.516869","CH41hlAxajZp","E01032739","City of London 001F","Theft from the person","Under investigation",""
"130d27b70925c467f8a4550c5cc3386365764a4c1aaab85495b0f50498118c61","2026-02","fLrvQqOIz9do","fLrvQqOIz9do","-0.081113","51.516869","CH41hlAxajZp","E01032739","City of London 001F","Theft from the person","Under investigation",""
"0f42db4ddeaf58bad3cfcd9b7142bdaece9aca0469511244a7f81885951b7811","2026-02","fLrvQqOIz9do","fLrvQqOIz9do","-0.091540","51.511896","xXi1HTC9dEVp","E01032739","City of London 001F","Theft from the person","Investigation complete; no suspect identified",""
"3c42b3a30ad60dd7b14785b36f452b9e329e2f0b0eb11382679fb17c0f098bd9","2026-02","fLrvQqOIz9do","fLrvQqOIz9do","-0.088456","51.514975","eTSLRXj7wqqD","E01032739","City of London 001F","Theft from the person","Under investigation",""
"f1bc73c79f94c1863145961c27db4a544e31d4fd71537c253dcd54d07c76068d","2026-02","fLrvQqOIz9do","fLrvQqOIz9do","-0.084836","51.511939","fzK/HvsYVthT","E01032739","City of London 001F","Theft from the person","Under investigation",""
"cccb598dd8d933512d928bd91f2b55041a27bebd2de2d517db2a3605cf147f89","2026-02","fLrvQqOIz9do","fLrvQqOIz9do","-0.088903","51.510836","yQ/DPAHzI61o","E01032739","City of London 001F","Theft from the person","Investigation complete; no suspect identified",""
"07e35e26fc3b3231330cbf71791d58b272d3208410c13c8dd952954b0848ff97","2026-02","fLrvQqOIz9do","fLrvQqOIz9do","-0.087772","51.510665","6og4MamycvXx","E01032739","City of London 001F","Theft from the person","Investigation complete; no suspect identified",""
"45d1f7edf42b8f80444ae35e9fc2b442518720f4be388ad07a5d705ad32fed14","2026-02","fLrvQqOIz9do","fLrvQqOIz9do","-0.084844","51.509700","fWbrtW3aw24J","E01032739","City of London 001F","Theft from the person","Investigation complete; no suspect identified",""
"61142545b5abc85e07db1ecb78eae2ac35bebae8d25da438f338fc8b0c77a403","2026-02","fLrvQqOIz9do","fLrvQqOIz9do","-0.087157","51.512624","6YZPZPnj3KKK","E01032739","City of London 001F","Theft from the person","Under investigation",""
"bb61539d90b07750c95dcf0953717fcb3604783c3ad8b1b68a7bd78bf8e0729e","2026-02","fLrvQqOIz9do","fLrvQqOIz9do","-0.084844","51.510725","5CMQagL2W7dM","E01032739","City of London 001F","Theft from the person","Investigation complete; no suspect identified",""
"ec533b391fe7483e3bbdbfa2c4ed7e4099544291735bd1b7c1948c0f18a29c45","2026-02","fLrvQqOIz9do","fLrvQqOIz9do","-0.093339","51.511557","crNzIDeKqBqO","E01032739","City of London 001F","Theft from the person","Investigation complete; no suspect identified",""
"ee8088e2e2c52b4e367280ad93d76f86ee4af3607dd7e8e98d16109bfed50bd0","2026-02","fLrvQqOIz9do","fLrvQqOIz9do","-0.084910","51.512588","OfbZxRdt/52K","E01032739","City of London 001F","Theft from the person","Under investigation",""
"39f848b059804d5f214039967b80b46fdc9d9309890f6b281c1e95ff2367e5c9","2026-02","fLrvQqOIz9do","fLrvQqOIz9do","-0.097291","51.514626","R0V5P6N9Gx/1","E01032739","City of London 001F","Theft from the person","Investigation complete; no suspect identified",""
"d2c1c549e67833ae3ab8ff51483c923c4914f1094b090c8728ee4f26445730c2","2026-02","fLrvQqOIz9do","fLrvQqOIz9do","-0.082993","51.516360","svK7BnUtYe+Q","E01032739","City of London 001F","Theft from the person","Investigation complete; no suspect identified",""
"4fb260bb95fd722f43b5d9b8b69df6f3b7ceb88f31d2f1332378156df28e92fb","2026-02","fLrvQqOIz9do","fLrvQqOIz9do","-0.079521","51.511196","kIwi4X783cZ8","E01032739","City of London 001F","Theft from the person","Investigation complete; no suspect identified",""
"297b191e20ef753d98cc57bec859a8bcc2baf6f039352609c0330c7500ca6592","2026-02","fLrvQqOIz9do","fLrvQqOIz9do","-0.081113","51.516869","CH41hlAxajZp","E01032739","City of London 001F","Theft from the person","Investigation complete; no suspect identified",""
"b90a35638597292031e80967d77e513dd201a6a1e6e42ab1d33336040fa35a36","2026-02","fLrvQqOIz9do","fLrvQqOIz9do","-0.092531","51.512658","V/FWZ3wf/u33","E01032739","City of London 001F","Theft from the person","Investigation complete; no suspect identified",""
"716a0e02755a3a6fb32725c95820da9b5ed964a030332f449cce395a67d61b57","2026-02","fLrvQqOIz9do","fLrvQqOIz9do","-0.086019","51.513631","cW1AWnntcpSD","E01032739","City of London 001F","Theft from the person","Investigation complete; no suspect identified",""
"406ad68741307f08b082823c2e502901a66273e4511f4872d8cf73128e22d335","2026-02","fLrvQqOIz9do","fLrvQqOIz9do","-0.101292","51.514770","xiJytzLUzDN4","E01032739","City of London 001F","Theft from the person","Investigation complete; no suspect identified",""
"48a8e91adad31d577112b4ced3fcc8cdfe2ee6c014f1119d0a20f4f9ba1ce0f5","2026-02","fLrvQqOIz9do","fLrvQqOIz9do","-0.089822","51.516103","OFUlqwyq+E9X","E01032739","City of London 001F","Theft from the person","Unable to prosecute suspect",""
"883f604b926bb8bc1fcda39ce33b74b17f4114973beec883e8d85f8c12b9aabb","2026-02","fLrvQqOIz9do","fLrvQqOIz9do","-0.087157","51.512624","6YZPZPnj3KKK","E01032739","City of London 001F","Theft from the person","Investigation complete; no suspect identified",""
"60c3c1744ace545d9fb85b1fe92956a46a8d49a7e27dbfd6ded14cecbd331dfe","2026-02","fLrvQqOIz9do","fLrvQqOIz9do","-0.092531","51.512658","V/FWZ3wf/u33","E01032739","City of London 001F","Theft from the person","Investigation complete; no suspect identified",""
"ddf1213dc5957b1e0355cf81ba66e2c16dc473766c6d2ef30c6e068e03fa9ed6","2026-02","fLrvQqOIz9do","fLrvQqOIz9do","-0.087157","51.512624","6YZPZPnj3KKK","E01032739","City of London 001F","Theft from the person","Investigation complete; no suspect identified",""
"0baf8d9eab4a59c3a6c1df3a8fa9b8f6a7c615c4ee0a3608e4b43ac9e0a691bf","2026-02","fLrvQqOIz9do","fLrvQqOIz9do","-0.091540","51.511896","xXi1HTC9dEVp","E01032739","City of London 001F","Theft from the person","Investigation complete; no suspect identified",""
"94c9e8f64207c609cea554175950769da3e8ad5219785cc38a6e2d4125ab8be6","2026-02","fLrvQqOIz9do","fLrvQqOIz9do","-0.084844","51.510725","5CMQagL2W7dM","E01032739","City of London 001F","Theft from the person","Investigation complete; no suspect identified",""
"07614ffbed9d754e41223df1f405bd60950c98c95dbad65186524545a069c0fc","2026-02","fLrvQqOIz9do","fLrvQqOIz9do","-0.084836","51.511939","fzK/HvsYVthT","E01032739","City of London 001F","Theft from the person","Investigation complete; no suspect identified",""
"57ed877ef7034260936973430326614972dc5cc956de2eadc3aae20d1c07f37e","2026-02","fLrvQqOIz9do","fLrvQqOIz9do","-0.081902","51.517296","MlZHXg61uPKd","E01032739","City of London 001F","Theft from the person","Investigation complete; no suspect identified",""
"70c21beb522c36f9652538d44bf4c946adb73a665cb7492eb11e4560b996b6cd","2026-02","fLrvQqOIz9do","fLrvQqOIz9do","-0.102272","51.511656","1jRP0jMC/BgI","E01032739","City of London 001F","Theft from the person","Investigation complete; no suspect identified",""
"aff3fb984687fb8649a30b8e02f4b9c91d49845fec21f62a8ec0e6cfbadef434","2026-02","fLrvQqOIz9do","fLrvQqOIz9do","-0.087157","51.512624","6YZPZPnj3KKK","E01032739","City of London 001F","Theft from the person","Investigation complete; no suspect identified",""
"db269f6e04a5bad9b4d163f9eb3ab3d1488dd995392349ce6550207dee8b862d","2026-02","fLrvQqOIz9do","fLrvQqOIz9do","-0.087157","51.512624","6YZPZPnj3KKK","E01032739","City of London 001F","Theft from the person","Investigation complete; no suspect identified",""
"e0e5bb6c4b54305cd14ea40273e462aa38fc6607ebf75e50cf6ed6ed533608fc","2026-02","fLrvQqOIz9do","fLrvQqOIz9do","-0.084844","51.510725","5CMQagL2W7dM","E01032739","City of London 001F","Theft from the person","Investigation complete; no suspect identified",""
"83ccb24d2864b9c7053085c4a013cea74fd3bb35cf8bbed606ffd0c1bb6d68ba","2026-02","fLrvQqOIz9do","fLrvQqOIz9do","-0.091540","51.511896","xXi1HTC9dEVp","E01032739","City of London 001F","Theft from the person","Investigation complete; no suspect identified",""
"8717d04bf826aac707e085e309f679db7fbbe865506484382a973b9fbc0fcfcb","2026-02","fLrvQqOIz9do","fLrvQqOIz9do","-0.086019","51.513631","cW1AWnntcpSD","E01032739","City of London 001F","Theft from the person","Unable to prosecute suspect",""
"ee50a826647f3e322a526eec7b73d46705c13f78df62373ba88bd0a974dab270","2026-02","fLrvQqOIz9do","fLrvQqOIz9do","-0.100888","51.514448","05L1EHupv/A9","E01032739","City of London 001F","Theft from the person","Investigation complete; no suspect identified",""
"1d85453c7046fb858f470f0f5898ff9ae8f5eec94805dca7b6053cd597b97de8","2026-02","fLrvQqOIz9do","fLrvQqOIz9do","-0.089208","51.509744","ol5E6DulF/gF","E01032739","City of London 001F","Theft from the person","Investigation complete; no suspect identified",""
"055d4f9276094f9b328ff0d42422a73edc79f5efe929c4f3257a119af5845607","2026-02","fLrvQqOIz9do","fLrvQqOIz9do","-0.091947","51.513188","F/D8DV6eOs8r","E01032739","City of London 001F","Theft from the person","Investigation complete; no suspect identified",""
"49a1b89c1f8e8d80d98ac790125d48b8beef152221a32c5baf6da4948d5ae2c8","2026-02","fLrvQqOIz9do","fLrvQqOIz9do","-0.091540","51.511896","xXi1HTC9dEVp","E01032739","City of London 001F","Theft from the person","Investigation complete; no suspect identified",""
"318fb828f338aa045a026610799d6add87bee2a678ac9d7fc60d16c83354320e","2026-02","fLrvQqOIz9do","fLrvQqOIz9do","-0.087157","51.512624","6YZPZPnj3KKK","E01032739","City of London 001F","Theft from the person","Investigation complete; no suspect identified",""
"837c1f5654481d6637a725bb71b12491379cacd0ef9e7ada066d50b569c37a18","2026-02","fLrvQqOIz9do","fLrvQqOIz9do","-0.100888","51.514448","05L1EHupv/A9","E01032739","City of London 001F","Theft from the person","Under investigation",""
"f49f5753b9de055e2703fd735f866e3a64ee7fbb1994d4a64f7efc0589031494","2026-02","fLrvQqOIz9do","fLrvQqOIz9do","-0.085228","51.511190","l9RL4ah6siaK","E01032739","City of London 001F","Theft from the person","Investigation complete; no suspect identified",""
"26e8d2642e85ed420fd125784c6c9f826209a4e6b5de18390929f9362cb068b3","2026-02","fLrvQqOIz9do","fLrvQqOIz9do","-0.088456","51.514975","eTSLRXj7wqqD","E01032739","City of London 001F","Theft from the person","Under investigation",""
"480beacc6c5ab6f9f86415cd3bb31aeeaa8ef99684385401348a317c4c51adc7","2026-02","fLrvQqOIz9do","fLrvQqOIz9do","-0.091947","51.513188","F/D8DV6eOs8r","E01032739","City of London 001F","Theft from the person","Investigation complete; no suspect identified",""
"55ef0ce538cf80d820001ebfe75b5680436dc02cac1d9b4954ed6d318f9f32ff","2026-02","fLrvQqOIz9do","fLrvQqOIz9do","-0.100201","51.513286","B/kFemdwZxqG","E01032739","City of London 001F","Vehicle crime","Investigation complete; no suspect identified",""
"66c14304c8fdb9469abf2d0d7abb1d82ac7c5dbc01e625aee7dcd9517a256356","2026-02","fLrvQqOIz9do","fLrvQqOIz9do","-0.092633","51.509872","rWrQgl20+d7X","E01032739","City of London 001F","Vehicle crime","Under investigation",""
"f4eb250a54d5d38fc541e9b5b5eac1886b8b317a7f3579d3bc830fb51739d72a","2026-02","fLrvQqOIz9do","fLrvQqOIz9do","-0.102272","51.511656","1jRP0jMC/BgI","E01032739","City of London 001F","Vehicle crime","Under investigation",""
"6388a3cbaf7ed41e949fe5dfceb243b6faf070c2d6fb9d20e107378621808e96","2026-02","fLrvQqOIz9do","fLrvQqOIz9do","-0.089208","51.509744","ol5E6DulF/gF","E01032739","City of London 001F","Vehicle crime","Under investigation",""
"5deb00c656c35ddb40b4bf3e195609ad35dbebe89505dd2cbaf79a4d61164ad6","2026-02","fLrvQqOIz9do","fLrvQqOIz9do","-0.092633","51.509872","rWrQgl20+d7X","E01032739","City of London 001F","Vehicle crime","Under investigation",""
"a27c668566a54346160efc969df54e0b459fe251c7591ffebde766594b19dbcf","2026-02","fLrvQqOIz9do","fLrvQqOIz9do","-0.087772","51.510665","6og4MamycvXx","E01032739","City of London 001F","Vehicle crime","Investigation complete; no suspect identified",""
"e7400ea8a3cf139fe79b3a1eaaa59df603cf22b2f38a7a6612648dd1c53d138c","2026-02","fLrvQqOIz9do","fLrvQqOIz9do","-0.092633","51.509872","rWrQgl20+d7X","E01032739","City of London 001F","Vehicle crime","Under investigation",""
"1fe1901a818123e50f48b3265a9c19b31f60cf3902c3deb6980163f373ef785b","2026-02","fLrvQqOIz9do","fLrvQqOIz9do","-0.081113","51.516869","CH41hlAxajZp","E01032739","City of London 001F","Vehicle crime","Investigation complete; no suspect identified",""
"d2bf53a83d3fe4a56de46cc060f62c6fd830fd9b2e738f4050b6740340199d2c","2026-02","fLrvQqOIz9do","fLrvQqOIz9do","-0.101589","51.513515","Y5QdLNnaa5Un","E01032739","City of London 001F","Violence and sexual offences","Under investigation",""
"f4ccb2242c0c62930a36049d47624a060ccc0e93bda9e0291f6f0d5b27eabd1d","2026-02","fLrvQqOIz9do","fLrvQqOIz9do","-0.081512","51.518692","wSjScPkT76e5","E01032739","City of London 001F","Violence and sexual offences","Unable to prosecute suspect",""
"4caf89e5e8129f32f51d0ec22583938822495af137f8fd0314b096216030b9d1","2026-02","fLrvQqOIz9do","fLrvQqOIz9do","-0.077070","51.510877","2iHwF37U9jLg","E01032739","City of London 001F","Violence and sexual offences","Under investigation",""
"29e33bfbeb8dbe4bb5d1beae3f1b1b2fa21034fb5370c9823e7a21bb71196f15","2026-02","fLrvQqOIz9do","fLrvQqOIz9do","-0.079521","51.511196","kIwi4X783cZ8","E01032739","City of London 001F","Violence and sexual offences","Unable to prosecute suspect",""
"44eb2f6da946cae6f0bce4288cb1124cf415539bc044975b4b29ec138bbf422d","2026-02","fLrvQqOIz9do","fLrvQqOIz9do","-0.084836","51.511939","fzK/HvsYVthT","E01032739","City of London 001F","Violence and sexual offences","Under investigation",""
"f9a55a06e33642c83039baab639780203c57cdec96ca1b6ccdb0eaa6dad6898f","2026-02","fLrvQqOIz9do","fLrvQqOIz9do","-0.081113","51.516869","CH41hlAxajZp","E01032739","City of London 001F","Violence and sexual offences","Under investigation",""
"de32e41f46d7135b65a4908f5a091dfd5d7c3cdf035db44622a3b29883bd20c0","2026-02","fLrvQqOIz9do","fLrvQqOIz9do","-0.083977","51.510441","iIpKwhyoBdec","E01032739","City of London 001F","Violence and sexual offences","Under investigation",""
"d76c9648980f8c5463251dd2ec11337fa9731ece5ba4728795485e90b3392b06","2026-02","fLrvQqOIz9do","fLrvQqOIz9do","-0.084844","51.510725","5CMQagL2W7dM","E01032739","City of London 001F","Violence and sexual offences","Under investigation",""
"0c186f20589aea51ed901e3c18c66cadf610a1b3341f275883635e7efede8bee","2026-02","fLrvQqOIz9do","fLrvQqOIz9do","-0.079127","51.509607","mFffIJNCqkF4","E01032739","City of London 001F","Violence and sexual offences","Awaiting court outcome",""
"2e5a8e8ff05cf8a9b11cc84de7062feebc8624b4b222ee4c899a625facb33cb1","2026-02","fLrvQqOIz9do","fLrvQqOIz9do","-0.090578","51.509722","q2FQF1lMr7nW","E01032739","City of London 001F","Violence and sexual offences","Under investigation",""
"40dbf8b77844f42a2145374e4e29ed522322747341492ac223d840fba9f086b0","2026-02","fLrvQqOIz9do","fLrvQqOIz9do","-0.084844","51.510725","5CMQagL2W7dM","E01032739","City of London 001F","Violence and sexual offences","Unable to prosecute suspect",""
"c2fe4e769afbf45fe227f8d7f4723e55d3ae0f1886d9e07de7d81f103084c692","2026-02","fLrvQqOIz9do","fLrvQqOIz9do","-0.083600","51.509797","+8lW+RYroZOg","E01032739","City of London 001F","Violence and sexual offences","Under investigation",""
"9b712733cd4abd00e26b2ce7d77c1720e2b88e35ffe73c2fb5f43f97da0b820a","2026-02","fLrvQqOIz9do","fLrvQqOIz9do","-0.089479","51.510864","kY268mUJnkJG","E01032739","City of London 001F","Violence and sexual offences","Under investigation",""
"e3c3872d825bf68d246ce68e69fd0b39db1db0a9768b4f00bcfa03d33364b962","2026-02","fLrvQqOIz9do","fLrvQqOIz9do","-0.077372","51.512590","awEUhKP9QDMb","E01032739","City of London 001F","Violence and sexual offences","Under investigation",""
"0ff253f3c8f511084383332add19fc76607537baa242f70c1ae8397d26d6c81e","2026-02","fLrvQqOIz9do","fLrvQqOIz9do","-0.079838","51.514267","xqHdxewuYVIj","E01032739","City of London 001F","Violence and sexual offences","Unable to prosecute suspect",""
"dce0ff37ff4c07638d31873fc69480d452a0e68c19bc584868774b88ab004591","2026-02","fLrvQqOIz9do","fLrvQqOIz9do","-0.095224","51.513736","fzK/HvsYVthT","E01032739","City of London 001F","Violence and sexual offences","Unable to prosecute suspect",""
"3d11e4d499829203cfacfd614a1f72e224cb8372f5f189c7aaf78b90ec2617ac","2026-02","fLrvQqOIz9do","fLrvQqOIz9do","-0.083977","51.510441","iIpKwhyoBdec","E01032739","City of London 001F","Violence and sexual offences","Under investigation",""
"127c81fe770d597e7c600dc45d8b516c7e5316f5b4ca2dba4251c774a961acd8","2026-02","fLrvQqOIz9do","fLrvQqOIz9do","-0.079907","51.517785","AqEic1Ve0RZS","E01032739","City of London 001F","Violence and sexual offences","Under investigation",""
"c828a54de855bf8a6b31e5d1fe92d5d47e8f699eeb3aaed0d3638ed3a9cc2f6d","2026-02","fLrvQqOIz9do","fLrvQqOIz9do","-0.081113","51.516869","CH41hlAxajZp","E01032739","City of London 001F","Violence and sexual offences","Awaiting court outcome",""
"7e9079b6d21826bf001986329b3230393edf249bd4d1d719e79cc81af175a822","2026-02","fLrvQqOIz9do","fLrvQqOIz9do","-0.079907","51.517785","AqEic1Ve0RZS","E01032739","City of London 001F","Violence and sexual offences","Under investigation",""
"134f15f2d69330ee7e0ff68edb7161eb9bfaa6a1e4d9faf915843cf57f0dd988","2026-02","fLrvQqOIz9do","fLrvQqOIz9do","-0.086019","51.513631","cW1AWnntcpSD","E01032739","City of London 001F","Violence and sexual offences","Under investigation",""
"d98a8c3c192db354ee14736d087d2640d6d6ac170b5e6ed99945a63cb8a74049","2026-02","fLrvQqOIz9do","fLrvQqOIz9do","-0.095224","51.513736","fzK/HvsYVthT","E01032739","City of London 001F","Violence and sexual offences","Unable to prosecute suspect",""
"45a60ccc1f4dd3f5e831ea5628068bfcbbdc430a69895d7a215d30d65bc9245b","2026-02","fLrvQqOIz9do","fLrvQqOIz9do","-0.081113","51.516869","CH41hlAxajZp","E01032739","City of London 001F","Violence and sexual offences","Under investigation",""
"1ee6074c21c43d184f024117c20d6e3acd3cd78be6b3024e070cb38cb4bc8cf8","2026-02","fLrvQqOIz9do","fLrvQqOIz9do","-0.084836","51.511939","fzK/HvsYVthT","E01032739","City of London 001F","Violence and sexual offences","Under investigation",""
"b5f3d6f8c2cbe3e5e9c6e3d447f6707ac88622c36e4c314c17f6987a17db5433","2026-02","fLrvQqOIz9do","fLrvQqOIz9do","-0.084844","51.510725","5CMQagL2W7dM","E01032739","City of London 001F","Violence and sexual offences","Under investigation",""
"86bef7a5700aa163d77495a31cc1cd48e48dfbcdd92890d395a77e939a5afc00","2026-02","fLrvQqOIz9do","fLrvQqOIz9do","-0.091947","51.513188","F/D8DV6eOs8r","E01032739","City of London 001F","Violence and sexual offences","Unable to prosecute suspect",""
"828dd9254241aa8224b5253785c0447169e21e0f3257c2d2ae82a15b2f388070","2026-02","fLrvQqOIz9do","fLrvQqOIz9do","-0.081973","51.515948","o78y9kdU59XX","E01032739","City of London 001F","Violence and sexual offences","Under investigation",""
"0e5f7362b4f5620724b6dfec71e52500c2af5bd569e3e18059623486f11f2ff8","2026-02","fLrvQqOIz9do","fLrvQqOIz9do","-0.081973","51.515948","o78y9kdU59XX","E01032739","City of London 001F","Violence and sexual offences","Investigation complete; no suspect identified",""
"5b6bce21e0b7edd9e0f39c673e91cdc232d4b2c8be91b822a1de04f22e3dd51e","2026-02","fLrvQqOIz9do","fLrvQqOIz9do","-0.083600","51.509797","+8lW+RYroZOg","E01032739","City of London 001F","Violence and sexual offences","Investigation complete; no suspect identified",""
"a7557c968122b6c19868c217889996f0b0d75eb7d3c4eb07e2f07bfc92bbe45d","2026-02","fLrvQqOIz9do","fLrvQqOIz9do","-0.081902","51.517296","MlZHXg61uPKd","E01032739","City of London 001F","Violence and sexual offences","Under investigation",""
"0f25d188af2f70b98a02adbf290bdde8b3ccb5e42855333fc948274d2ea85c3f","2026-02","fLrvQqOIz9do","fLrvQqOIz9do","-0.081973","51.515948","o78y9kdU59XX","E01032739","City of London 001F","Violence and sexual offences","Investigation complete; no suspect identified",""
"c629c82c6c64b301379f4b2672db00636f33dcda45f2a8ce9ae8c85d47234400","2026-02","fLrvQqOIz9do","fLrvQqOIz9do","-0.081973","51.515948","o78y9kdU59XX","E01032739","City of London 001F","Violence and sexual offences","Under investigation",""
"526920c76568b9941f6aa5d1c16d30c12a362bf48d21b2e14b8d992dfb1b51df","2026-02","fLrvQqOIz9do","fLrvQqOIz9do","-0.095054","51.510559","2UyU7G+UVr4z","E01032739","City of London 001F","Violence and sexual offences","Under investigation",""
"9d6e6244d8fe9caa2979ab3f090b6b103d7c12f37fca6a3a2e14c3f4b8d3ab30","2026-02","fLrvQqOIz9do","fLrvQqOIz9do","-0.079127","51.509607","mFffIJNCqkF4","E01032739","City of London 001F","Violence and sexual offences","Unable to prosecute suspect",""
"12cd615ef9950201716756efe1b1f75083bec27d4d66a519d5796d94010dae94","2026-02","fLrvQqOIz9do","fLrvQqOIz9do","-0.081113","51.516869","CH41hlAxajZp","E01032739","City of London 001F","Violence and sexual offences","Investigation complete; no suspect identified",""
"287401b075044b17777f1eec95e43bf9fba7f0b2667c78ca009ac2f3a6139da6","2026-02","fLrvQqOIz9do","fLrvQqOIz9do","-0.083977","51.510441","iIpKwhyoBdec","E01032739","City of London 001F","Violence and sexual offences","Under investigation",""
"837aff99afd63a9da35e4d5e2c4abc0c47e2dcf8619f1f4817963355c018ef94","2026-02","fLrvQqOIz9do","fLrvQqOIz9do","-0.081902","51.517296","MlZHXg61uPKd","E01032739","City of London 001F","Violence and sexual offences","Investigation complete; no suspect identified",""
"c615ae8616ff5fd0c99e3b07c96b5dc329c5435d9fe46ad25d0f7d2a33169f00","2026-02","fLrvQqOIz9do","fLrvQqOIz9do","-0.080291","51.514814","gh74KppoXhWl","E01032739","City of London 001F","Violence and sexual offences","Unable to prosecute suspect",""
"e6ace4c77ee217ba42b1dbb14cb47207ef0e69d636a05642730b872b2181c8e0","2026-02","fLrvQqOIz9do","fLrvQqOIz9do","-0.080365","51.508943","fYKCWrLNHNL/","E01032739","City of London 001F","Violence and sexual offences","Under investigation",""
"47b9f5caadd83dff66401ac1ad21dee7ac97312a43f00561e315960e743d0a7b","2026-02","fLrvQqOIz9do","fLrvQqOIz9do","-0.087772","51.510665","6og4MamycvXx","E01032739","City of London 001F","Violence and sexual offences","Investigation complete; no suspect identified",""
"8ca074d9e1d64c90d5cce290554477b9b697eeefa9551f20e26a5427e5983e6c","2026-02","fLrvQqOIz9do","fLrvQqOIz9do","-0.089808","51.517461","G9vZvMLqOLrW","E01032739","City of London 001F","Violence and sexual offences","Unable to prosecute suspect",""
"ae01f2bc39f9b1f61224c4183c3606d8c084995e28cc768da9c131a811f24852","2026-02","fLrvQqOIz9do","fLrvQqOIz9do","-0.086019","51.513631","cW1AWnntcpSD","E01032739","City of London 001F","Violence and sexual offences","Under investigation",""
"1063e2f57fc7765974c58d2956ca3d3dc8035cdb05581c66db18b9d58c036659","2026-02","fLrvQqOIz9do","fLrvQqOIz9do","-0.100888","51.514448","05L1EHupv/A9","E01032739","City of London 001F","Violence and sexual offences","Unable to prosecute suspect",""
"f306f069a03a68f521312df842276b46223805fac14960c4a052d654672d362b","2026-02","fLrvQqOIz9do","fLrvQqOIz9do","-0.101292","51.514770","xiJytzLUzDN4","E01032739","City of London 001F","Violence and sexual offences","Under investigation",""
"08cadf3d3ccc968ae434d2dd1b3ac111bb4d7412030779bf7549a477f057873b","2026-02","fLrvQqOIz9do","fLrvQqOIz9do","-0.089208","51.509744","ol5E6DulF/gF","E01032739","City of London 001F","Violence and sexual offences","Unable to prosecute suspect",""
"95f6f01677f47dda29276eb1c6eb3803f75a364113007c41f795dbb1c32e6b1e","2026-02","fLrvQqOIz9do","fLrvQqOIz9do","-0.091410","51.510167","7Wva9uD4pzXq","E01032739","City of London 001F","Violence and sexual offences","Under investigation",""
"d27985187e88e875864df16063549e9248364f82ed08a3a95aac9920e26dcbfe","2026-02","fLrvQqOIz9do","fLrvQqOIz9do","-0.078477","51.509965","1LoruBLh+EWY","E01032739","City of London 001F","Violence and sexual offences","Under investigation",""
"806cebe77edfb45f4b07b183a9db463605eb475bf35e61fe389ced7337b8a59c","2026-02","fLrvQqOIz9do","fLrvQqOIz9do","-0.096501","51.513874","GFWAN7mR6GR6","E01032739","City of London 001F","Violence and sexual offences","Unable to prosecute suspect",""
"fe9a72fdeaffa07afd367c223c5ced47356bae45e14add09f0474003312d062b","2026-02","fLrvQqOIz9do","fLrvQqOIz9do","-0.079521","51.511196","kIwi4X783cZ8","E01032739","City of London 001F","Violence and sexual offences","Unable to prosecute suspect",""
"2de243121f3c0eacb85dadd42f735f7fc730c2733b5cde2a4be851e45a677c8d","2026-02","fLrvQqOIz9do","fLrvQqOIz9do","-0.079883","51.517326","AQJUM6v79PO+","E01032739","City of London 001F","Violence and sexual offences","Unable to prosecute suspect",""
"467e948eaf4a190f176ddfc8cdac4e09f843c5b24d5f395d549cf1442a1ac2aa","2026-02","fLrvQqOIz9do","fLrvQqOIz9do","-0.078424","51.518093","/y8mYHoAQTLI","E01032739","City of London 001F","Violence and sexual offences","Under investigation",""
"ab917e9e24881a2fad6aed3fc4043ee71e5450cf17a8abd89886098b4486ebd5","2026-02","fLrvQqOIz9do","fLrvQqOIz9do","-0.079521","51.511196","kIwi4X783cZ8","E01032739","City of London 001F","Violence and sexual offences","Under investigation",""
"44892e634dd8cb1ec9b8f78187e390e4942e4208b9b1c49fc572970e3311d51d","2026-02","fLrvQqOIz9do","fLrvQqOIz9do","-0.081512","51.518692","wSjScPkT76e5","E01032739","City of London 001F","Violence and sexual offences","Unable to prosecute suspect",""
"64e0c8f9ec903255077993fc33313ae6615b6029c9f9bd9634af065407d25306","2026-02","fLrvQqOIz9do","fLrvQqOIz9do","-0.081113","51.516869","CH41hlAxajZp","E01032739","City of London 001F","Violence and sexual offences","Unable to prosecute suspect",""
"e2c524ea74cc2402736722c487ba25e5f1ee342b5eb76f2b3f224a5816cc87f3","2026-02","fLrvQqOIz9do","fLrvQqOIz9do","-0.078755","51.518440","rpGBkGFkIk2l","E01032739","City of London 001F","Violence and sexual offences","Unable to prosecute suspect",""
"ceeac507ff5e502d3a6d649e45fb4d4a1c04048ce72701c277027ea119f5e5c0","2026-02","fLrvQqOIz9do","fLrvQqOIz9do","-0.086019","51.513631","cW1AWnntcpSD","E01032739","City of London 001F","Violence and sexual offences","Unable to prosecute suspect",""
"646b2d0863bb9c4529cb05f28e417449336004f6e5515588ab73f8d7aa6665d1","2026-02","fLrvQqOIz9do","fLrvQqOIz9do","-0.084844","51.510725","5CMQagL2W7dM","E01032739","City of London 001F","Violence and sexual offences","Under investigation",""
"a909cc979d5f1d40e63c7da058973fc9b6b783b4de1eee2419806cb261c0e581","2026-02","fLrvQqOIz9do","fLrvQqOIz9do","-0.083977","51.510441","iIpKwhyoBdec","E01032739","City of London 001F","Violence and sexual offences","Under investigation",""
"47ab89039392424362c5fccb418aef03c5ea7ae517b673345bd4adc37308c8cc","2026-02","fLrvQqOIz9do","fLrvQqOIz9do","-0.088456","51.514975","eTSLRXj7wqqD","E01032739","City of London 001F","Violence and sexual offences","Under investigation",""
"89d68e1f4e3ff35bbf74f1ae95fe1a23cb314a7f70ee4a498bbea34494428fa2","2026-02","fLrvQqOIz9do","fLrvQqOIz9do","-0.079907","51.517785","AqEic1Ve0RZS","E01032739","City of London 001F","Violence and sexual offences","Unable to prosecute suspect",""
"d1bdf98f8d86e69b3cb20fde2eccad361b067e73b3ebd4d1eabe3bdd57f96cad","2026-02","fLrvQqOIz9do","fLrvQqOIz9do","-0.086815","51.517007","MoKITRuLqSzo","E01032739","City of London 001F","Violence and sexual offences","Under investigation",""
"31257a68648b7579afcf6e27155f966cfca822fd0da96609970c6a562c78330e","2026-02","fLrvQqOIz9do","fLrvQqOIz9do","-0.100201","51.513286","B/kFemdwZxqG","E01032739","City of London 001F","Violence and sexual offences","Under investigation",""
"4dd8897db8b47dd8dc925cf57adb772778aa0214d96059da15f2a97d0c30444f","2026-02","fLrvQqOIz9do","fLrvQqOIz9do","-0.096501","51.513874","GFWAN7mR6GR6","E01032739","City of London 001F","Violence and sexual offences","Under investigation",""
"b76819375b940d5b8e06c5c96e9b70dc4e18bf4a6f299d6dad5578385c12971f","2026-02","fLrvQqOIz9do","fLrvQqOIz9do","-0.086019","51.513631","cW1AWnntcpSD","E01032739","City of London 001F","Violence and sexual offences","Under investigation",""
"2fc95ae2a92ed92a2843f6134034c3cb1c96107ef121440e11fc70b77bd07515","2026-02","fLrvQqOIz9do","fLrvQqOIz9do","-0.097291","51.514626","R0V5P6N9Gx/1","E01032739","City of London 001F","Violence and sexual offences","Under investigation",""
"3bcff74896e5e997d04b4601e766c1c068e0f7c85138ba9cb0ff7a2af896fdeb","2026-02","fLrvQqOIz9do","fLrvQqOIz9do","-0.077959","51.511332","Xx1u9dOHmIgj","E01032739","City of London 001F","Violence and sexual offences","Unable to prosecute suspect",""
"6550765f918b99ee642c4396d9a529ef73d72e50a194c92ac9e3ceb6c83f2995","2026-02","fLrvQqOIz9do","fLrvQqOIz9do","-0.081973","51.515948","o78y9kdU59XX","E01032739","City of London 001F","Violence and sexual offences","Under investigation",""
"78011d04e875b3a353e951f478489db8b30536f611db4fd1877f91dbc2b52507","2026-02","fLrvQqOIz9do","fLrvQqOIz9do","-0.087772","51.510665","6og4MamycvXx","E01032739","City of London 001F","Violence and sexual offences","Unable to prosecute suspect",""
"f21892203e502b194675afdd52c58257ed165d143a636ac000d3f1bc468f04cd","2026-02","fLrvQqOIz9do","fLrvQqOIz9do","-0.080448","51.520689","HjQFdtbrLWJJ","E01032739","City of London 001F","Violence and sexual offences","Unable to prosecute suspect",""
"d5c319c9d66c4818a28c23820ad5bb6137b3bc86e7a9a3b9605320a47cac41cb","2026-02","fLrvQqOIz9do","fLrvQqOIz9do","-0.081113","51.516869","CH41hlAxajZp","E01032739","City of London 001F","Violence and sexual offences","Awaiting court outcome",""
"be869af6ff04f270895a4ff93eaa2d40bf50c69f9ae63a9950623f8cec8cdbce","2026-02","fLrvQqOIz9do","fLrvQqOIz9do","-0.087157","51.512624","6YZPZPnj3KKK","E01032739","City of London 001F","Violence and sexual offences","Investigation complete; no suspect identified",""
"4ccff1bc403795a1e37ccc1672914ae5e7220d40a47bbab23d759c355f40bef4","2026-02","fLrvQqOIz9do","fLrvQqOIz9do","-0.087772","51.510665","6og4MamycvXx","E01032739","City of London 001F","Violence and sexual offences","Unable to prosecute suspect",""
"77943dbff857339cd7d7409a08a47ab5a409fdead155b376ab95ae1570570127","2026-02","fLrvQqOIz9do","fLrvQqOIz9do","-0.080448","51.520689","HjQFdtbrLWJJ","E01032739","City of London 001F","Violence and sexual offences","Unable to prosecute suspect",""
"92180cfb7d07077449009d10287b52ebeb51354eca8193790ec864a762b1603a","2026-02","fLrvQqOIz9do","fLrvQqOIz9do","-0.078755","51.518440","rpGBkGFkIk2l","E01032739","City of London 001F","Violence and sexual offences","Under investigation",""
"15f35bbbd6e50e3f394b3930a63ab18be8f9a54462445d7876fdd054e74cc738","2026-02","fLrvQqOIz9do","fLrvQqOIz9do","-0.083600","51.509797","+8lW+RYroZOg","E01032739","City of London 001F","Violence and sexual offences","Under investigation",""
"057bc1f756058736588e7e54c6f2f7d062f8084d0bc14ab6112ee62e2b2575e7","2026-02","fLrvQqOIz9do","fLrvQqOIz9do","-0.089208","51.509744","ol5E6DulF/gF","E01032739","City of London 001F","Violence and sexual offences","Under investigation",""
"2a1f64fede32975fbaef0cd75cee637caecd80080a42b7199f8afface5bebab9","2026-02","fLrvQqOIz9do","fLrvQqOIz9do","-0.080291","51.514814","gh74KppoXhWl","E01032739","City of London 001F","Violence and sexual offences","Unable to prosecute suspect",""
"fe1a98fc3fdae962494637982f62b87e5f44c301cc8cde999d83911e0084ce0a","2026-02","fLrvQqOIz9do","fLrvQqOIz9do","-0.096501","51.513874","GFWAN7mR6GR6","E01032739","City of London 001F","Other crime","Under investigation",""
"","2026-02","fLrvQqOIz9do","fLrvQqOIz9do","-0.104980","51.512033","CxC6tFREXULb","E01032740","City of London 001G","Anti-social behaviour","",""
"6742f6dfa66fc7faaf384306151ddaf4a0895739544402a40a3551ab1e3339c8","2026-02","fLrvQqOIz9do","fLrvQqOIz9do","-0.099803","51.519026","y2jTDZgNMUj/","E01032740","City of London 001G","Bicycle theft","Under investigation",""
"eea3acce43371dcbc3c2d7f8e4bfa741b90f799c166b9f2b5826a71044d48b60","2026-02","fLrvQqOIz9do","fLrvQqOIz9do","-0.101621","51.516906","phyFp9i5uImP","E01032740","City of London 001G","Bicycle theft","Investigation complete; no suspect identified",""
"11ad8be3e59a32f1cf95bf5cff5bd8cac0b0c2361eb48555d8e86336c6ed51c9","2026-02","fLrvQqOIz9do","fLrvQqOIz9do","-0.101621","51.516906","phyFp9i5uImP","E01032740","City of London 001G","Bicycle theft","Under investigation",""
"1674222714eb688a4000df46c32efc8278e05eae8f8fbd5b411da8d4189d9136","2026-02","fLrvQqOIz9do","fLrvQqOIz9do","-0.098017","51.519689","QDa0P1QeWVjP","E01032740","City of London 001G","Bicycle theft","Investigation complete; no suspect identified",""
"035819950fd9847c8c15da1951a94c77ad459479f459c85810fa5b657c8673f1","2026-02","fLrvQqOIz9do","fLrvQqOIz9do","-0.112019","51.516067","hF97FJOsX26Q","E01032740","City of London 001G","Bicycle theft","Investigation complete; no suspect identified",""
"411ac496ff28b4cf91c07b7cc5079b78f6731eeb5fff48c75d0588b0e03d990d","2026-02","fLrvQqOIz9do","fLrvQqOIz9do","-0.101359","51.518700","fYKCWrLNHNL/","E01032740","City of London 001G","Bicycle theft","Under investigation",""
"ac4b468e053e6a63ad756a84047e8770ee6a1f76018ce3ed36fa02bbd7ca0b8b","2026-02","fLrvQqOIz9do","fLrvQqOIz9do","-0.099803","51.519026","y2jTDZgNMUj/","E01032740","City of London 001G","Bicycle theft","Under investigation",""
"b7a4ab3572e665b92a060440d1f520d77e6b91a4ddbaef46f201aa23044365e2","2026-02","fLrvQqOIz9do","fLrvQqOIz9do","-0.102585","51.517308","xBecoXEH8N2d","E01032740","City of London 001G","Bicycle theft","Investigation complete; no suspect identified",""
"04cac4a78cc9d55add1f554972accf89038ff147a8d0383ec398347254d9beae","2026-02","fLrvQqOIz9do","fLrvQqOIz9do","-0.108017","51.514213","bEFOpF4BRrVI","E01032740","City of London 001G","Burglary","Under investigation",""
"805cfe13a714cbcdab1af290be9fd54ce670bbee97d4c037e6d44ad4129c0f2e","2026-02","fLrvQqOIz9do","fLrvQqOIz9do","-0.101359","51.518700","fYKCWrLNHNL/","E01032740","City of London 001G","Burglary","Under investigation",""
"a6cbfb6be1423a6d195caf863420a24351de5d561b0db7ecde0bae7ccc72d393","2026-02","fLrvQqOIz9do","fLrvQqOIz9do","-0.099803","51.519026","y2jTDZgNMUj/","E01032740","City of London 001G","Burglary","Under investigation",""
"da7f3a289a560c1b9177cf09cf84dcaa09dfc0a86c469c27e09ee1c7f5666d6f","2026-02","fLrvQqOIz9do","fLrvQqOIz9do","-0.099803","51.519026","y2jTDZgNMUj/","E01032740","City of London 001G","Burglary","Under investigation",""
"d83e424343a0366a9927204f7d1f46218ffe5f8c2217d8793db7b04849b33741","2026-02","fLrvQqOIz9do","fLrvQqOIz9do","-0.105131","51.513941","tI89gLY9NBfx","E01032740","City of London 001G","Burglary","Investigation complete; no suspect identified",""
"090000aa232bff7406cd30cdcf3d412fcdb502802a4a43c8d75a95c980b79e49","2026-02","fLrvQqOIz9do","fLrvQqOIz9do","-0.098555","51.519248","fc1Bci/IlPPS","E01032740","City of London 001G","Criminal damage and arson","Investigation complete; no suspect identified",""
"ac753a7dc60b2fc6b28e7de6ff2fea278167614e7feb70f213451f2ef0398b1b","2026-02","fLrvQqOIz9do","fLrvQqOIz9do","-0.108027","51.511884","G8Y+Tl5ySPNl","E01032740","City of London 001G","Drugs","Investigation complete; no suspect identified",""
"0ca17da29362be3e4c869ceec7436139df8c082c4ccb64e933a6ef016a71ceee","2026-02","fLrvQqOIz9do","fLrvQqOIz9do","-0.105131","51.513941","tI89gLY9NBfx","E01032740","City of London 001G","Drugs","Investigation complete; no suspect identified",""
"9963061c1e3a5f99fcde050352ec0a297f2eb36be00f724a1a8e0dc1b433af40","2026-02","fLrvQqOIz9do","fLrvQqOIz9do","-0.109540","51.515721","REA3GA5hTCVe","E01032740","City of London 001G","Drugs","Investigation complete; no suspect identified",""
"ee6b5ce3b85ccb61561b63bb7bf332a4744a4038024bb33a6318cdee49a311ed","2026-02","fLrvQqOIz9do","fLrvQqOIz9do","-0.099803","51.519026","y2jTDZgNMUj/","E01032740","City of London 001G","Drugs","Unable to prosecute suspect",""
"3867e93223cae67b9b3a8a31fcae6b0a77b974976d2fc1c517b78b91c114660a","2026-02","fLrvQqOIz9do","fLrvQqOIz9do","-0.105131","51.513941","tI89gLY9NBfx","E01032740","City of London 001G","Drugs","Investigation complete; no suspect identified",""
"da0fc3668deb3eb303fab2190d7d60cbe14ced232fa0dda3c4d6735324c248ee","2026-02","fLrvQqOIz9do","fLrvQqOIz9do","-0.105131","51.513941","tI89gLY9NBfx","E01032740","City of London 001G","Drugs","Investigation complete; no suspect identified",""
"1596c0b5be21f2b475f8ca3c67d639acd14079d7f83f2d427888a8b6327721a9","2026-02","fLrvQqOIz9do","fLrvQqOIz9do","-0.101621","51.516906","phyFp9i5uImP","E01032740","City of London 001G","Drugs","Investigation complete; no suspect identified",""
"c5ef51208fee4ca3b149476b9d99eb6291d9d142f3511aa627307fd4a5c3a62d","2026-02","fLrvQqOIz9do","fLrvQqOIz9do","-0.105131","51.513941","tI89gLY9NBfx","E01032740","City of London 001G","Drugs","Investigation complete; no suspect identified",""
"0c9d068a8c5690c154ad08d24f9316754c6538a7b917ba62fca03699530b5f85","2026-02","fLrvQqOIz9do","fLrvQqOIz9do","-0.108027","51.511884","G8Y+Tl5ySPNl","E01032740","City of London 001G","Drugs","Investigation complete; no suspect identified",""
"c0d3d7dbeb2b0693c99f2ae68230148bcd650439d629dd573715c58d03199096","2026-02","fLrvQqOIz9do","fLrvQqOIz9do","-0.105131","51.513941","tI89gLY9NBfx","E01032740","City of London 001G","Drugs","Investigation complete; no suspect identified",""
"e47f8825f00eed6ddfc2af62ac59c85e7572fb6740d84f449317151e4c3b9d78","2026-02","fLrvQqOIz9do","fLrvQqOIz9do","-0.105131","51.513941","tI89gLY9NBfx","E01032740","City of London 001G","Drugs","Investigation complete; no suspect identified",""
"53a8e7f06126ec251e5ec924b251eb00b3a22fccc5efbfc077c1c211f713e188","2026-02","fLrvQqOIz9do","fLrvQqOIz9do","-0.105131","51.513941","tI89gLY9NBfx","E01032740","City of London 001G","Drugs","Investigation complete; no suspect identified",""
"ab34d0a819f12e60581fb6bcd1c11924d0bfb5702f60c18c2e2de63be1113db0","2026-02","fLrvQqOIz9do","fLrvQqOIz9do","-0.105131","51.513941","tI89gLY9NBfx","E01032740","City of London 001G","Drugs","Investigation complete; no suspect identified",""
"eb09ebe5d1a14e73f878c1d822b72cf990735d5f8b24b51d693c5feceeab2571","2026-02","fLrvQqOIz9do","fLrvQqOIz9do","-0.109164","51.517846","vOBhrXUu0TNA","E01032740","City of London 001G","Other theft","Under investigation",""
"bfbb05b253ea746a08e3551552f7b82c7d83bb8e7769b5889f1b923a870216b3","2026-02","fLrvQqOIz9do","fLrvQqOIz9do","-0.105131","51.513941","tI89gLY9NBfx","E01032740","City of London 001G","Other theft","Investigation complete; no suspect identified",""
"5f9c3e0a94b3f37ddf62d21b0893d8e4147e98ea014812d2f28c86cf5d89b7e0","2026-02","fLrvQqOIz9do","fLrvQqOIz9do","-0.105131","51.513941","tI89gLY9NBfx","E01032740","City of London 001G","Other theft","Under investigation",""
"6cbf04538d72099e87fe756b25ac2a8f4df3f8018175c91933649d31b6e22586","2026-02","fLrvQqOIz9do","fLrvQqOIz9do","-0.108027","51.511884","G8Y+Tl5ySPNl","E01032740","City of London 001G","Other theft","Investigation complete; no suspect identified",""
"0e1639b0f710fff376ec5f685c141020c2194f81586721283d536b0a2480633d","2026-02","fLrvQqOIz9do","fLrvQqOIz9do","-0.104980","51.512033","CxC6tFREXULb","E01032740","City of London 001G","Other theft","Under investigation",""
"46cd5b510c2866b928cbe76ab507d2811d8fdd5e345d40c9ae29a60dea4b1a60","2026-02","fLrvQqOIz9do","fLrvQqOIz9do","-0.108017","51.514213","bEFOpF4BRrVI","E01032740","City of London 001G","Other theft","Under investigation",""
"5ee0160188db5a830f67907270df69b8c1e03e15aacccf6b5379c42fe255ef3d","2026-02","fLrvQqOIz9do","fLrvQqOIz9do","-0.107201","51.514092","crNzIDeKqBqO","E01032740","City of London 001G","Other theft","Under investigation",""
"ce38832997467890195be6713ec6e60b20c2c46540b0416455f2a5ba62d3ff57","2026-02","fLrvQqOIz9do","fLrvQqOIz9do","-0.107201","51.514092","crNzIDeKqBqO","E01032740","City of London 001G","Other theft","Investigation complete; no suspect identified",""
"e247930d25c20b20892b0d5ae9d4c4ad82b82e5ec80bda23ad0a9e3931bbb3eb","2026-02","fLrvQqOIz9do","fLrvQqOIz9do","-0.101359","51.518700","fYKCWrLNHNL/","E01032740","City of London 001G","Other theft","Investigation complete; no suspect identified",""
"55a1197e59a7971f947701d6d420ec21d78925d18505d9fd7fc7d26142fbf43b","2026-02","fLrvQqOIz9do","fLrvQqOIz9do","-0.102812","51.517051","p4DsdPMvBuWJ","E01032740","City of London 001G","Other theft","Under investigation",""
"44e9e42fe1b4cb19d57777b89a2b61bef8b2a2da254b7b42bea9a0fa6a38dc93","2026-02","fLrvQqOIz9do","fLrvQqOIz9do","-0.105131","51.513941","tI89gLY9NBfx","E01032740","City of London 001G","Other theft","Investigation complete; no suspect identified",""
"b69c32604a0ebfc8cd9679afb965db95d37c697e7bbae52f7aaa932a66fb3ae3","2026-02","fLrvQqOIz9do","fLrvQqOIz9do","-0.105131","51.513941","tI89gLY9NBfx","E01032740","City of London 001G","Other theft","Under investigation",""
"7fc4344f3557c82d6f83fedede9f86979f7066e6e7dfcd0cf0662d88c2444e6c","2026-02","fLrvQqOIz9do","fLrvQqOIz9do","-0.101359","51.518700","fYKCWrLNHNL/","E01032740","City of London 001G","Other theft","Investigation complete; no suspect identified",""
"149aa114fee7ff34cb22e785013df444ba4fdcfd6f6ec001b83083ce3fd6428c","2026-02","fLrvQqOIz9do","fLrvQqOIz9do","-0.105131","51.513941","tI89gLY9NBfx","E01032740","City of London 001G","Other theft","Under investigation",""
"09464027504c4be85762c63c6d1a37f673e5e4b02cf924072eddd29d040f7188","2026-02","fLrvQqOIz9do","fLrvQqOIz9do","-0.101621","51.516906","phyFp9i5uImP","E01032740","City of London 001G","Other theft","Investigation complete; no suspect identified",""
"90dfd17edec6ddf1fd6a6c4ff1545aa993c8efc54e74bba3151ee5799b464a7e","2026-02","fLrvQqOIz9do","fLrvQqOIz9do","-0.101359","51.518700","fYKCWrLNHNL/","E01032740","City of London 001G","Other theft","Investigation complete; no suspect identified",""
"4013ed2f72c96a519bdd91cdd83c335b2b5afb033d7c77a6e7424d7f8e9dc8af","2026-02","fLrvQqOIz9do","fLrvQqOIz9do","-0.109387","51.513839","R6w5Q88jIH74","E01032740","City of London 001G","Other theft","Under investigation",""
"9af935aa68ad69c2f93902fa45a56cb50b9aff47d6d60f47244c0a7e2129f7c5","2026-02","fLrvQqOIz9do","fLrvQqOIz9do","-0.099803","51.519026","y2jTDZgNMUj/","E01032740","City of London 001G","Other theft","Investigation complete; no suspect identified",""
"e44603908fdd26af5478c2d126ecc5f67da2c37a8c425d12079b3a30ac6bec6c","2026-02","fLrvQqOIz9do","fLrvQqOIz9do","-0.108027","51.511884","G8Y+Tl5ySPNl","E01032740","City of London 001G","Other theft","Investigation complete; no suspect identified",""
"8fb558c0d6a29de05c4ab70a906089a78a71be4d7a75c7a8568be6457eb2e3fd","2026-02","fLrvQqOIz9do","fLrvQqOIz9do","-0.105131","51.513941","tI89gLY9NBfx","E01032740","City of London 001G","Other theft","Under investigation",""
"ca3faefc28e2ad6ab3fd46d289c0006c5ab1e8c65502d70a039f6fe37c676435","2026-02","fLrvQqOIz9do","fLrvQqOIz9do","-0.102812","51.517051","p4DsdPMvBuWJ","E01032740","City of London 001G","Other theft","Under investigation",""
"5f9b6632299d794eb11863fd28d342ec2c42331accb25eb659926b45a1141865","2026-02","fLrvQqOIz9do","fLrvQqOIz9do","-0.101621","51.516906","phyFp9i5uImP","E01032740","City of London 001G","Other theft","Under investigation",""
"66a1443b3160cff858d2a6817dac2cb488640a162bac48ae4f43f34b0773189c","2026-02","fLrvQqOIz9do","fLrvQqOIz9do","-0.098555","51.519248","fc1Bci/IlPPS","E01032740","City of London 001G","Public order","Under investigation",""
"05cf623b3d672c8e81ef3f7a1a3087883cb4764db7362a4ccdc6533f5b1c6df6","2026-02","fLrvQqOIz9do","fLrvQqOIz9do","-0.098555","51.519248","fc1Bci/IlPPS","E01032740","City of London 001G","Public order","Under investigation",""
"a177e67e2f1e985d12e375f7bca41227f21a8030f7655308fec192adeace10cc","2026-02","fLrvQqOIz9do","fLrvQqOIz9do","-0.098555","51.519248","fc1Bci/IlPPS","E01032740","City of London 001G","Public order","Under investigation",""
"ea94d15ff79e47e8c8b96cef17a1461cbedc6c3bedf9fee37111de5f16caf42d","2026-02","fLrvQqOIz9do","fLrvQqOIz9do","-0.098886","51.519254","Mx5cCTTcniR5","E01032740","City of London 001G","Public order","Under investigation",""
"a7f9a54410caae53767371527d000655acf8db9fb4dec91a4043e729f7cd5067","2026-02","fLrvQqOIz9do","fLrvQqOIz9do","-0.108027","51.511884","G8Y+Tl5ySPNl","E01032740","City of London 001G","Public order","Under investigation",""
"f1731cd8ec3f9e92d4d5b4847a44cdddf730016c52de5b702eabf22deff46fef","2026-02","fLrvQqOIz9do","fLrvQqOIz9do","-0.101621","51.516906","phyFp9i5uImP","E01032740","City of London 001G","Public order","Unable to prosecute suspect",""
"4310b5dc808a136a1357159aaf909aa3690c8756d86bdccc2fd452b696c7a773","2026-02","fLrvQqOIz9do","fLrvQqOIz9do","-0.105909","51.513262","Nwm+TZaJfUmW","E01032740","City of London 001G","Public order","Investigation complete; no suspect identified",""
"f7221507ffc27d08216724a7344dd424e7ba8189c9230bc5b77026a23f2e643b","2026-02","fLrvQqOIz9do","fLrvQqOIz9do","-0.101621","51.516906","phyFp9i5uImP","E01032740","City of London 001G","Public order","Under investigation",""
"63972951cf69e1899d20f6c89aa1eee244d7454bab9abd4821356f2cbcf1aeb0","2026-02","fLrvQqOIz9do","fLrvQqOIz9do","-0.103490","51.513897","9F4S29H6wR+O","E01032740","City of London 001G","Public order","Under investigation",""
"4d835390f7542a5f49964726e3aa59eb43ed633ba06b725439e7086c0d9d3f7d","2026-02","fLrvQqOIz9do","fLrvQqOIz9do","-0.098555","51.519248","fc1Bci/IlPPS","E01032740","City of London 001G","Public order","Under investigation",""
"5f244e804a3eb217cb9bf0333b60e6b34080cea40273718c8f48952c42482581","2026-02","fLrvQqOIz9do","fLrvQqOIz9do","-0.102726","51.513911","d8nINMj/5/wo","E01032740","City of London 001G","Robbery","Under investigation",""
"aa369f01ed55bdacdeb418a864cb292f995edf6df0d75ad3334ea9efcc50ff58","2026-02","fLrvQqOIz9do","fLrvQqOIz9do","-0.104980","51.512033","CxC6tFREXULb","E01032740","City of London 001G","Shoplifting","Under investigation",""
"e35e804f36a30bf239aae63b1116201da61acc5c524dd59b2db3b8a3986ecb52","2026-02","fLrvQqOIz9do","fLrvQqOIz9do","-0.104980","51.512033","CxC6tFREXULb","E01032740","City of London 001G","Shoplifting","Under investigation",""
"9638d48644a0627d5f093720471921909882f63fe0d2941e7c00355bd988efff","2026-02","fLrvQqOIz9do","fLrvQqOIz9do","-0.104980","51.512033","CxC6tFREXULb","E01032740","City of London 001G","Shoplifting","Investigation complete; no suspect identified",""
"a6c00b18104d791dfc5e83a325f67e09993b064003eb3f9ceaf9ff9710b1c59b","2026-02","fLrvQqOIz9do","fLrvQqOIz9do","-0.104980","51.512033","CxC6tFREXULb","E01032740","City of London 001G","Shoplifting","Under investigation",""
"f05183673517a30879972e8088ea2c740381337bbeb8b1d48858697e9ed2b96b","2026-02","fLrvQqOIz9do","fLrvQqOIz9do","-0.106076","51.517239","crNzIDeKqBqO","E01032740","City of London 001G","Theft from the person","Investigation complete; no suspect identified",""
"7ee71ff67b70bbd0aa7f05e73bb4b841299d3ec322ccefd780ac001d52c291e6","2026-02","fLrvQqOIz9do","fLrvQqOIz9do","-0.102812","51.517051","p4DsdPMvBuWJ","E01032740","City of London 001G","Theft from the person","Investigation complete; no suspect identified",""
"7c6192118671a78169da68c2aa712c9875a807f3b576ba755388e4c01cabdeee","2026-02","fLrvQqOIz9do","fLrvQqOIz9do","-0.108027","51.511884","G8Y+Tl5ySPNl","E01032740","City of London 001G","Theft from the person","Investigation complete; no suspect identified",""
"4440f2ad6de97064553728208d22a7701d3c1262cfaf6f5d9c00451d617957df","2026-02","fLrvQqOIz9do","fLrvQqOIz9do","-0.105131","51.513941","tI89gLY9NBfx","E01032740","City of London 001G","Theft from the person","Investigation complete; no suspect identified",""
"c2ae2c51cc13bebf4b9913194c041025bedc6103eefaa5115e681c39ce17455d","2026-02","fLrvQqOIz9do","fLrvQqOIz9do","-0.112953","51.518231","P77DQE5SDy64","E01032740","City of London 001G","Theft from the person","Investigation complete; no suspect identified",""
"a2383fe13f5b99158b5c19337b1e5a3454263cad6a144f5cd580a892df009752","2026-02","fLrvQqOIz9do","fLrvQqOIz9do","-0.104980","51.512033","CxC6tFREXULb","E01032740","City of London 001G","Theft from the person","Investigation complete; no suspect identified",""
"361e7c5f2f186902a08c679afb447164f83a1bd0b160071018f611ae108401bf","2026-02","fLrvQqOIz9do","fLrvQqOIz9do","-0.104980","51.512033","CxC6tFREXULb","E01032740","City of London 001G","Theft from the person","Investigation complete; no suspect identified",""
"5eee9df08fcfa142d79a310b6da86f4f481b19f74206608d1582e218e55c3152","2026-02","fLrvQqOIz9do","fLrvQqOIz9do","-0.106076","51.517239","crNzIDeKqBqO","E01032740","City of London 001G","Theft from the person","Unable to prosecute suspect",""
"f735d4ef02632f662e1b8d5bea823b8ac9e033e45aebba1b213fdf567e1aedda","2026-02","fLrvQqOIz9do","fLrvQqOIz9do","-0.111255","51.516765","4xfUnltz8Ry0","E01032740","City of London 001G","Theft from the person","Investigation complete; no suspect identified",""
"4570e47e6eba7d24181df39aed658287b9f7a78652b373fb3409b1b75f1f05bf","2026-02","fLrvQqOIz9do","fLrvQqOIz9do","-0.106076","51.517239","crNzIDeKqBqO","E01032740","City of London 001G","Theft from the person","Investigation complete; no suspect identified",""
"188cf0c704bf4e5f0dbfe5068a2144fdd3487d43281cf63f3ae57b8c1d74a384","2026-02","fLrvQqOIz9do","fLrvQqOIz9do","-0.108027","51.511884","G8Y+Tl5ySPNl","E01032740","City of London 001G","Theft from the person","Investigation complete; no suspect identified",""
"e6496c365eaa1950ecfbdbf9586c6333c1e0b061e3d00890a5f8f37b5f519777","2026-02","fLrvQqOIz9do","fLrvQqOIz9do","-0.101320","51.519293","xZKundWZ/iHJ","E01032740","City of London 001G","Theft from the person","Under investigation",""
"819bbcdb57166f6d198bb94f379363d3ebda1d39aac54a1dfa45d46faab1934b","2026-02","fLrvQqOIz9do","fLrvQqOIz9do","-0.101621","51.516906","phyFp9i5uImP","E01032740","City of London 001G","Theft from the person","Investigation complete; no suspect identified",""
"9cc573f4f3a0f1d542b548d19e3c4ef94bcabdbeb5fd5785890a04e38e506752","2026-02","fLrvQqOIz9do","fLrvQqOIz9do","-0.112953","51.518231","P77DQE5SDy64","E01032740","City of London 001G","Theft from the person","Investigation complete; no suspect identified",""
"bcfe7cc5c8cd1bfe72bb23e90f809873b9c423bd50431b9e3b28f46854f3fb31","2026-02","fLrvQqOIz9do","fLrvQqOIz9do","-0.104980","51.512033","CxC6tFREXULb","E01032740","City of London 001G","Theft from the person","Investigation complete; no suspect identified",""
"83aad33522dff89cfa0e214b96735f71758346c38b8562610187e754acfbc642","2026-02","fLrvQqOIz9do","fLrvQqOIz9do","-0.109164","51.517846","vOBhrXUu0TNA","E01032740","City of London 001G","Theft from the person","Investigation complete; no suspect identified",""
"bf2bf8f667c40175e0c2c87429fc1046a2e0d05c045cb8991ffc7ff264e695c0","2026-02","fLrvQqOIz9do","fLrvQqOIz9do","-0.107443","51.515534","QR+vNWOFmQE1","E01032740","City of London 001G","Theft from the person","Investigation complete; no suspect identified",""
"3d9eb84c96f53581e71849eabb04c4b88d635ae720d0170542c7a25e7120eb80","2026-02","fLrvQqOIz9do","fLrvQqOIz9do","-0.099803","51.519026","y2jTDZgNMUj/","E01032740","City of London 001G","Violence and sexual offences","Unable to prosecute suspect",""
"7d66c850a7968017d2b10552c1a435fd7891b22b9afaa09ba639ff69af9efff4","2026-02","fLrvQqOIz9do","fLrvQqOIz9do","-0.103393","51.517978","NKlYXXdv9c3Q","E01032740","City of London 001G","Violence and sexual offences","Under investigation",""
"fccf56e235e2b284b80fb23d058d265fc9b145f875f6b479d9ddec02588a24de","2026-02","fLrvQqOIz9do","fLrvQqOIz9do","-0.110746","51.516523","8ZzHKlUk3rkV","E01032740","City of London 001G","Violence and sexual offences","Under investigation",""
"e5ad4a8ff3f159528e23ba65273f776429d0e8dc867406eb09593f806f359841","2026-02","fLrvQqOIz9do","fLrvQqOIz9do","-0.111065","51.512302","uwu8uC1bz41M","E01032740","City of London 001G","Violence and sexual offences","Under investigation",""
"d6d79cbc03604aff706107d61b4bd6335020a56121184c7d1d005f2629c786dc","2026-02","fLrvQqOIz9do","fLrvQqOIz9do","-0.103393","51.517978","NKlYXXdv9c3Q","E01032740","City of London 001G","Violence and sexual offences","Under investigation",""
"92b7ed6780814440cc0c5139993c48460e6a4fcb6082ae27c17513462d277d04","2026-02","fLrvQqOIz9do","fLrvQqOIz9do","-0.108027","51.511884","G8Y+Tl5ySPNl","E01032740","City of London 001G","Violence and sexual offences","Under investigation",""
"0797c5ee33abbd34d5cd51fa87c8bf3c10cbd839b75ac491e41ea31bdd000abb","2026-02","fLrvQqOIz9do","fLrvQqOIz9do","-0.110474","51.517193","oTv0YYMhJMAE","E01032740","City of London 001G","Violence and sexual offences","Under investigation",""
"e6bc496111285124d80e15a5b620607aa36e1d4f0a54ea008c936046f658fb3f","2026-02","fLrvQqOIz9do","fLrvQqOIz9do","-0.098017","51.519689","QDa0P1QeWVjP","E01032740","City of London 001G","Violence and sexual offences","Unable to prosecute suspect",""
"cbacd310d2bd92b396232c906df792d64ce9787846b0e7d0d54906e2c408729f","2026-02","fLrvQqOIz9do","fLrvQqOIz9do","-0.108027","51.511884","G8Y+Tl5ySPNl","E01032740","City of London 001G","Violence and sexual offences","Under investigation",""
"551083bb46968ce689035478f1779f633dec0a2f9f8235f8b5bb409b8891ba71","2026-02","fLrvQqOIz9do","fLrvQqOIz9do","-0.101621","51.516906","phyFp9i5uImP","E01032740","City of London 001G","Violence and sexual offences","Unable to prosecute suspect",""
"12a4d49122d5caf8635e1e9de68fe49588795e1c8fcfe01c3cad0879dd8a85b6","2026-02","fLrvQqOIz9do","fLrvQqOIz9do","-0.098875","51.518831","hCDCBuEK3SBZ","E01032740","City of London 001G","Violence and sexual offences","Under investigation",""
"9aabef9fbc954368e8397e51eb03ef87000f3c7d31a50673688010e98d28d8c7","2026-02","fLrvQqOIz9do","fLrvQqOIz9do","-0.108027","51.511884","G8Y+Tl5ySPNl","E01032740","City of London 001G","Other crime","Under investigation",""
"0e20797dc885e39b4c610b55a0eb41abbcc3aab45627933b1dfa179cc45a11bb","2026-02","fLrvQqOIz9do","fLrvQqOIz9do","-0.251272","51.331523","2uHuijSqr1mE","E01030379","Epsom and Ewell 009A","Violence and sexual offences","Under investigation",""
"035063f18efc8f0602ffd4bc9c70c0d0e4ec33f6118733885cf49953d419a77f","2026-02","fLrvQqOIz9do","fLrvQqOIz9do","-0.081813","51.520783","jvYXDSM13lv+","E01033708","Hackney 033C","Drugs","Investigation complete; no suspect identified",""
"54a99cabfef71954f7523603afc959fa0a957ba3a84eb85af50f103ddc3a3e90","2026-02","fLrvQqOIz9do","fLrvQqOIz9do","-0.082648","51.520455","WApDPY1NMGDs","E01033708","Hackney 033C","Other theft","Investigation complete; no suspect identified",""
"91a21f97023e56b0e2bde9128f037a03607078822e99749e55f75a4e620505b1","2026-02","fLrvQqOIz9do","fLrvQqOIz9do","-0.082648","51.520455","WApDPY1NMGDs","E01033708","Hackney 033C","Other theft","Investigation complete; no suspect identified",""
"2e4e46ec60ffcb4a6d4c41dda686890e9b8375569a25da59f0be2dc07d3ead54","2026-02","fLrvQqOIz9do","fLrvQqOIz9do","-0.202115","51.480541","eJVrruhm3yrw","E01001882","Hammersmith and Fulham 017C","Other theft","Under investigation",""
"fe83fb5b2bb607d948fe993998a24cd9a3c8c6724488eede68bf24ce047669a4","2026-02","fLrvQqOIz9do","fLrvQqOIz9do","-1.342596","52.570807","v7ysAZB2wulJ","E01025822","Hinckley and Bosworth 007B","Possession of weapons","Under investigation",""
"ff5151527d8e4b2ba2b889fe963babe192f0ad43ddd727b4e26c616767771155","2026-02","fLrvQqOIz9do","fLrvQqOIz9do","-0.098103","51.530077","R0V5P6N9Gx/1","E01035656","Islington 020G","Shoplifting","Under investigation",""
"26420f94811c6c0590271053cdf2628de30ea91a5c79702d6174a97eb68319c3","2026-02","fLrvQqOIz9do","fLrvQqOIz9do","-0.098500","51.520551","G+rOE95B/ZLV","E01033490","Islington 022H","Possession of weapons","Under investigation",""
"3344bad42b81b7474cdd70904a7e1f7420abdc63bc067854aa1a829e0e61121b","2026-02","fLrvQqOIz9do","fLrvQqOIz9do","-0.086858","51.521127","fYKCWrLNHNL/","E01002704","Islington 023D","Shoplifting","Under investigation",""
"0fba617d5c6148784aed4f2dffb5fb31769a7b89786758db5f33f03dd76ec57e","2026-02","fLrvQqOIz9do","fLrvQqOIz9do","-0.098114","51.501103","29ohe8qd9ATA","E01033867","Southwark 002F","Theft from the person","Under investigation",""
"8f89a7d5e39cec0babeeeb96a65b904bd5e644973d56f9b0ee0882c3ce2d0f0d","2026-02","fLrvQqOIz9do","fLrvQqOIz9do","-0.072138","51.482622","FE5srQTHf4it","E01003990","Southwark 018D","Other theft","Investigation complete; no suspect identified",""
"c4219a2b5e42512240d71fe5171a4a65f30db3b1d0385f3cb65a9e3122fc336b","2026-02","fLrvQqOIz9do","fLrvQqOIz9do","-0.724066","51.303987","W8wE4/BWfmAF","E01030770","Surrey Heath 011A","Drugs","Under investigation",""
"89dbdf9d764158ca898cc98a319e218c7472c77e37039b62b6077358e03a1d1f","2026-02","fLrvQqOIz9do","fLrvQqOIz9do","-0.053709","51.528117","p4DsdPMvBuWJ","E01004259","Tower Hamlets 007A","Public order","Under investigation",""
"e2f1e6173bd4a08e9e7f4095e91c544022cd08ca4183562800c3c857a55a637d","2026-02","fLrvQqOIz9do","fLrvQqOIz9do","-0.073959","51.524494","EeeVnBusf/sF","E01004316","Tower Hamlets 009C","Theft from the person","Under investigation",""
"4f9bd3bfaca08ac770041fc2345485f9f44083cdb97849ad4482077fca4debd5","2026-02","fLrvQqOIz9do","fLrvQqOIz9do","-0.021762","51.518131","kPC0Qo2ZRjAS","E01035673","Tower Hamlets 012H","Violence and sexual offences","Under investigation",""
"af5d77a08f85e22af23479482d9ddc1b2efbac72dd502b7642dab9835ceaa8f8","2026-02","fLrvQqOIz9do","fLrvQqOIz9do","-0.061215","51.519078","fzK/HvsYVthT","E01004208","Tower Hamlets 013C","Public order","Unable to prosecute suspect",""
"3c6b013900b09ea30eeba7261a2ae7b96850628ab2166ee8a8b798ab5d17c265","2026-02","fLrvQqOIz9do","fLrvQqOIz9do","-0.061215","51.519078","fzK/HvsYVthT","E01004208","Tower Hamlets 013C","Public order","Unable to prosecute suspect",""
"02072fb78d0e7b0f942e13f57f914c78a47c15117c337430574417a72a73a03a","2026-02","fLrvQqOIz9do","fLrvQqOIz9do","-0.061215","51.519078","fzK/HvsYVthT","E01004208","Tower Hamlets 013C","Public order","Unable to prosecute suspect",""
"6044786ea0d4061b42f8da8a1ee0485f1fc78706e8dc5caca8bad677bd8eec0d","2026-02","fLrvQqOIz9do","fLrvQqOIz9do","-0.070460","51.514509","1oXTEr8gqwdL","E01035688","Tower Hamlets 021I","Violence and sexual offences","Under investigation",""
"a6d393a7daa419a547068c12c9873f9495cd9fa7beffa65da966c7ce5cb33378","2026-02","fLrvQqOIz9do","fLrvQqOIz9do","-0.057170","51.512168","ewfivN+Bj98L","E01004301","Tower Hamlets 025B","Drugs","Under investigation",""
"1fea9cdc6ba7786a92b918b635cba058a81bf9c913a577a2c7eb19d8ba6d4a7a","2026-02","fLrvQqOIz9do","fLrvQqOIz9do","-0.065474","51.508717","/tmxd5fN2K87","E01035696","Tower Hamlets 026E","Drugs","Under investigation",""
"a7444c8e2b8cd75af0f9f005953be8feb64bf6ee9720d142e5cc75a061892562","2026-02","fLrvQqOIz9do","fLrvQqOIz9do","-0.074039","51.508588","wuNs649Dc6jV","E01004293","Tower Hamlets 027B","Drugs","Under investigation",""
"cbaf646a6518a7dedc29fa6c65d7cc1347a7cca1963799c4e6e70724ae6a1185","2026-02","fLrvQqOIz9do","fLrvQqOIz9do","-0.012356","51.579194","RY/mtnn/ju7K","E01004405","Waltham Forest 020B","Violence and sexual offences","Under investigation",""
"7d00f79efbb2415edae22a6377d5baa4cded8eb51664f50a2dc61e5a41f3ece7","2026-02","fLrvQqOIz9do","fLrvQqOIz9do","-0.115772","51.512449","NAv/jLT3z8Id","E01004735","Westminster 018B","Drugs","Under investigation",""
"83bfeea19e099c670cb44249d76b810aaf40902bcd9552f127e7491bacd61b9f","2026-02","fLrvQqOIz9do","fLrvQqOIz9do","-0.119880","51.511022","AlL2xuCFDyEN","E01004735","Westminster 018B","Drugs","Under investigation",""
"3fec89c70f958d1655c8bcd69aaf0ba791471311dbd63bd8052964da5c5b6f36","2026-02","fLrvQqOIz9do","fLrvQqOIz9do","-0.120500","51.512057","+ehHvoaKc1N0","E01004735","Westminster 018B","Other theft","Under investigation",""
"145cdaf3be207225da2603ab4c825e8c7ca1e0a22a7750bc6fa3d66f668031a1","2026-02","fLrvQqOIz9do","fLrvQqOIz9do","-0.112811","51.512590","LJvL5BCYNB+m","E01004735","Westminster 018B","Public order","Under investigation",""
"9327d9a6c6212bbaac5d1c91a8f76a17b1f015210cb9474f7b8e8ddcb0d9880c","2026-02","fLrvQqOIz9do","fLrvQqOIz9do","-2.969694","53.317347","pnVgKix8PTt+","E01007167","Wirral 042C","Other crime","Under investigation",""
"","2026-02","fLrvQqOIz9do","fLrvQqOIz9do","","","6PGZJQMZAi2n","","","Anti-social behaviour","",""
"8acb0e7e5dea3edeaaee1ddee973a6ba67da68c06a12f15ae3337d0ef5cd235d","2026-02","fLrvQqOIz9do","fLrvQqOIz9do","","","6PGZJQMZAi2n","","","Bicycle theft","Investigation complete; no suspect identified",""
"6c516170977919c6302990869c3e846e0c538d83b8876a7decbe2f58010bd3cb","2026-02","fLrvQqOIz9do","fLrvQqOIz9do","","","6PGZJQMZAi2n","","","Bicycle theft","Investigation complete; no suspect identified",""
"c36e3f857d1d1979fd2eadd73c214bece1062180c0a46ea30a92ff184d93f1c9","2026-02","fLrvQqOIz9do","fLrvQqOIz9do","","","6PGZJQMZAi2n","","","Criminal damage and arson","Unable to prosecute suspect",""
"1d172f45628529393a45a3eb2260029922bdddd2391d329e2715bd3e5d162ab6","2026-02","fLrvQqOIz9do","fLrvQqOIz9do","","","6PGZJQMZAi2n","","","Drugs","Under investigation",""
"d5539971db22732950a9d707795387c1968b1ba4e131c7b9f203fc04bae484f2","2026-02","fLrvQqOIz9do","fLrvQqOIz9do","","","6PGZJQMZAi2n","","","Drugs","Investigation complete; no suspect identified",""
"4b4ebeaf0a4026e60284d767c8d3c21e682fdd490963b8c1e9b8e1d0ea2b0d43","2026-02","fLrvQqOIz9do","fLrvQqOIz9do","","","6PGZJQMZAi2n","","","Drugs","Under investigation",""
"c1a56811ac0bff265047d40923f426a64f6ed08c9d75d7ddcc17b335d9c4a997","2026-02","fLrvQqOIz9do","fLrvQqOIz9do","","","6PGZJQMZAi2n","","","Drugs","Investigation complete; no suspect identified",""
"3cfc0b941d56dfebbff4ab46ce240d32199c9256fabdb34e587ae672fa7badc5","2026-02","fLrvQqOIz9do","fLrvQqOIz9do","","","6PGZJQMZAi2n","","","Other theft","Investigation complete; no suspect identified",""
"a84f3f5cf490e66a1b11311076ed49b47c76eed5f6bef3ea1829bdac525c34e6","2026-02","fLrvQqOIz9do","fLrvQqOIz9do","","","6PGZJQMZAi2n","","","Other theft","Under investigation",""
"3b589a757a80c3002036e4320187aadc58c6d96e2edd842df1f4509a64ad2aa7","2026-02","fLrvQqOIz9do","fLrvQqOIz9do","","","6PGZJQMZAi2n","","","Public order","Under investigation",""
"9b972f70328a1265f3aa3dd5ebd2114d425fd4cfb138c2462800cb6406ac0a57","2026-02","fLrvQqOIz9do","fLrvQqOIz9do","","","6PGZJQMZAi2n","","","Public order","Under investigation",""
"bb5b4d1a911c2084d8c85ce4bb6cf45a49bb210eff2435e2a34955505542e55c","2026-02","fLrvQqOIz9do","fLrvQqOIz9do","","","6PGZJQMZAi2n","","","Public order","Under investigation",""
"8489a48d50669ae3d8607a6bb79a6daca0cbb87c6d3f9968a62b719693e039a2","2026-02","fLrvQqOIz9do","fLrvQqOIz9do","","","6PGZJQMZAi2n","","","Public order","Unable to prosecute suspect",""
"bda52621bab1e278d6e780a0c6ceb9e54b311523c188bc353f1e87b3a98d8f64","2026-02","fLrvQqOIz9do","fLrvQqOIz9do","","","6PGZJQMZAi2n","","","Robbery","Under investigation",""
"88896237e8cc7f4f751da5cfd2ad24af03f78302207e1b01b387f1787bae64da","2026-02","fLrvQqOIz9do","fLrvQqOIz9do","","","6PGZJQMZAi2n","","","Robbery","Under investigation",""
"49aa980a56f368c2506a958b682a13d162ad93a506f4cb87c6107604e2e4a27b","2026-02","fLrvQqOIz9do","fLrvQqOIz9do","","","6PGZJQMZAi2n","","","Shoplifting","Under investigation",""
"b4f2fbd8b50ab8ef89c4e4a6ec971b62facc5e65b3a702935f7c677c236a8191","2026-02","fLrvQqOIz9do","fLrvQqOIz9do","","","6PGZJQMZAi2n","","","Theft from the person","Under investigation",""
"72b0050951d052df098bfe23a72154509bc0a73bc30b25f8f1b70f3242f02bbc","2026-02","fLrvQqOIz9do","fLrvQqOIz9do","","","6PGZJQMZAi2n","","","Theft from the person","Investigation complete; no suspect identified",""
"e08940064842c857ef678ffcf760eb513b49a70a9fc162477006b8849347db86","2026-02","fLrvQqOIz9do","fLrvQqOIz9do","","","6PGZJQMZAi2n","","","Theft from the person","Investigation complete; no suspect identified",""
"18f99fc85d3709d643537b6baf95ab6a86c3f5e42d8d73cda75eb427111afe57","2026-02","fLrvQqOIz9do","fLrvQqOIz9do","","","6PGZJQMZAi2n","","","Theft from the person","Investigation complete; no suspect identified",""
"5bb714fc46674a0342f668c9bea5dfde972c378a06af783f71567cd5a5a13a56","2026-02","fLrvQqOIz9do","fLrvQqOIz9do","","","6PGZJQMZAi2n","","","Theft from the person","Under investigation",""
"59c5f13ba5f9413971dc0bd82f613405dd39aac0cfa73bf16a7865d2e186304c","2026-02","fLrvQqOIz9do","fLrvQqOIz9do","","","6PGZJQMZAi2n","","","Theft from the person","Investigation complete; no suspect identified",""
"5944517865db62479f0019834ca72f9bb99eb52d8f276a672d1f9c3e040fc810","2026-02","fLrvQqOIz9do","fLrvQqOIz9do","","","6PGZJQMZAi2n","","","Theft from the person","Investigation complete; no suspect identified",""
"55f0137e8caa1c057827eff1d38a9f405c3b57b18d7ef9793588e7631606808a","2026-02","fLrvQqOIz9do","fLrvQqOIz9do","","","6PGZJQMZAi2n","","","Theft from the person","Investigation complete; no suspect identified",""
"4a991d34af9b9e36c79d0f0dacd7441400c73d9a2f808fefd7d7678a4c4cd9a2","2026-02","fLrvQqOIz9do","fLrvQqOIz9do","","","6PGZJQMZAi2n","","","Theft from the person","Investigation complete; no suspect identified",""
"ff6953129a591f2faabd0584f82d87cae3edac2fdc93d43c39fd8c09bbf24985","2026-02","fLrvQqOIz9do","fLrvQqOIz9do","","","6PGZJQMZAi2n","","","Theft from the person","Investigation complete; no suspect identified",""
"9e179708d075bfab7d29e7cbd2e5f6133b3133fe5b09f159b66b5e11f3f54153","2026-02","fLrvQqOIz9do","fLrvQqOIz9do","","","6PGZJQMZAi2n","","","Theft from the person","Under investigation",""
"d0b2817c33120ee3b343e74b241ab97acebfc3cf91ef4b45472e0a9f989e3164","2026-02","fLrvQqOIz9do","fLrvQqOIz9do","","","6PGZJQMZAi2n","","","Vehicle crime","Under investigation",""
"5fd644de3c1e6c4e3712ab2999aab77c8bc71eafa3633219a09087125af2e9cf","2026-02","fLrvQqOIz9do","fLrvQqOIz9do","","","6PGZJQMZAi2n","","","Violence and sexual offences","Investigation complete; no suspect identified",""
"19e0ab2c5e404ab4e0788f4e1444dc7adf8fd304d64f70b2b743a7665926fb72","2026-02","fLrvQqOIz9do","fLrvQqOIz9do","","","6PGZJQMZAi2n","","","Violence and sexual offences","Under investigation",""
"eec034bfe08260bd30d1e3ca0aac15a053745bde45a9afe7acde93bbcdee30a1","2026-02","fLrvQqOIz9do","fLrvQqOIz9do","","","6PGZJQMZAi2n","","","Violence and sexual offences","Under investigation",""
"0dd5d320bb37fd1b5e2abd516561101deecc50b8c1e2f24e76a888156f2d94fd","2026-02","fLrvQqOIz9do","fLrvQqOIz9do","","","6PGZJQMZAi2n","","","Violence and sexual offences","Under investigation",""
"5dd177b119a5f5cc6b0d313edf9a631de6c677739cee52de13b871e25e980067","2026-02","fLrvQqOIz9do","fLrvQqOIz9do","","","6PGZJQMZAi2n","","","Violence and sexual offences","Under investigation",""
"3bb7325314d2d381beb94471b389801d0ab42dae9db6b90083ccd59ea10ea260","2026-02","fLrvQqOIz9do","fLrvQqOIz9do","","","6PGZJQMZAi2n","","","Violence and sexual offences","Under investigation",""
"76fed046a11434e7f8531613c16ad0554db1248407f248a004c54a8df5e6de91","2026-02","fLrvQqOIz9do","fLrvQqOIz9do","","","6PGZJQMZAi2n","","","Other crime","Awaiting court outcome",""
